index_7networks,name_7networks,x,y,z,index_17networks,name_17networks
1,7Networks_LH_Vis_1,-35,-36,-24,148,17Networks_LH_DorsAttnA_TempOcc_1
2,7Networks_LH_Vis_2,-34,-51,-19,5,17Networks_LH_VisCent_ExStr_1
3,7Networks_LH_Vis_3,-25,-45,-14,151,17Networks_LH_DorsAttnA_TempOcc_4
4,7Networks_LH_Vis_4,-28,-63,-13,6,17Networks_LH_VisCent_ExStr_2
5,7Networks_LH_Vis_5,-31,-43,-9,482,17Networks_LH_DefaultC_PHC_4
6,7Networks_LH_Vis_6,-34,-69,-16,7,17Networks_LH_VisCent_ExStr_3
7,7Networks_LH_Vis_7,-45,-67,-18,152,17Networks_LH_DorsAttnA_TempOcc_5
8,7Networks_LH_Vis_8,-24,-58,-9,45,17Networks_LH_VisPeri_ExStrInf_1
9,7Networks_LH_Vis_9,-36,-80,-15,8,17Networks_LH_VisCent_ExStr_4
10,7Networks_LH_Vis_10,-26,-80,-13,9,17Networks_LH_VisCent_ExStr_5
11,7Networks_LH_Vis_11,-21,-74,-9,10,17Networks_LH_VisCent_ExStr_6
12,7Networks_LH_Vis_12,-45,-72,-11,11,17Networks_LH_VisCent_ExStr_7
13,7Networks_LH_Vis_13,-21,-49,-6,46,17Networks_LH_VisPeri_ExStrInf_2
14,7Networks_LH_Vis_14,-20,-88,-16,12,17Networks_LH_VisCent_ExStr_8
15,7Networks_LH_Vis_15,-42,-84,-14,13,17Networks_LH_VisCent_ExStr_9
16,7Networks_LH_Vis_16,-14,-71,-10,47,17Networks_LH_VisPeri_ExStrInf_3
17,7Networks_LH_Vis_17,-13,-83,-14,14,17Networks_LH_VisCent_ExStr_10
18,7Networks_LH_Vis_18,-31,-91,-18,15,17Networks_LH_VisCent_ExStr_11
19,7Networks_LH_Vis_19,-15,-64,-5,48,17Networks_LH_VisPeri_ExStrInf_4
20,7Networks_LH_Vis_20,-16,-38,-11,484,17Networks_LH_DefaultC_PHC_6
21,7Networks_LH_Vis_21,-46,-72,-3,155,17Networks_LH_DorsAttnA_TempOcc_8
22,7Networks_LH_Vis_22,-13,-50,-7,49,17Networks_LH_VisPeri_ExStrInf_5
23,7Networks_LH_Vis_23,-6,-78,-7,50,17Networks_LH_VisPeri_ExStrInf_6
24,7Networks_LH_Vis_24,-34,-92,-9,16,17Networks_LH_VisCent_ExStr_12
25,7Networks_LH_Vis_25,-10,-61,-3,51,17Networks_LH_VisPeri_ExStrInf_7
26,7Networks_LH_Vis_26,-6,-71,-2,52,17Networks_LH_VisPeri_ExStrInf_8
27,7Networks_LH_Vis_27,-4,-90,-12,1,17Networks_LH_VisCent_Striate_1
28,7Networks_LH_Vis_28,-21,-99,-12,17,17Networks_LH_VisCent_ExStr_13
29,7Networks_LH_Vis_29,-45,-82,-1,18,17Networks_LH_VisCent_ExStr_14
30,7Networks_LH_Vis_30,-10,-98,-12,2,17Networks_LH_VisCent_Striate_2
31,7Networks_LH_Vis_31,-14,-42,-4,53,17Networks_LH_VisPeri_ExStrInf_9
32,7Networks_LH_Vis_32,-7,-61,3,35,17Networks_LH_VisPeri_StriCal_1
33,7Networks_LH_Vis_33,-30,-96,-2,19,17Networks_LH_VisCent_ExStr_15
34,7Networks_LH_Vis_34,-36,-89,1,20,17Networks_LH_VisCent_ExStr_16
35,7Networks_LH_Vis_35,-4,-79,2,36,17Networks_LH_VisPeri_StriCal_2
36,7Networks_LH_Vis_36,-44,-71,7,21,17Networks_LH_VisCent_ExStr_17
37,7Networks_LH_Vis_37,-5,-68,6,37,17Networks_LH_VisPeri_StriCal_3
38,7Networks_LH_Vis_38,-17,-55,1,54,17Networks_LH_VisPeri_ExStrInf_10
39,7Networks_LH_Vis_39,-9,-95,-2,3,17Networks_LH_VisCent_Striate_3
40,7Networks_LH_Vis_40,-6,-103,-1,4,17Networks_LH_VisCent_Striate_4
41,7Networks_LH_Vis_41,-11,-45,2,471,17Networks_LH_DefaultC_Rsp_1
42,7Networks_LH_Vis_42,-48,-78,9,22,17Networks_LH_VisCent_ExStr_18
43,7Networks_LH_Vis_43,-6,-88,2,38,17Networks_LH_VisPeri_StriCal_4
44,7Networks_LH_Vis_44,-17,-102,2,23,17Networks_LH_VisCent_ExStr_19
45,7Networks_LH_Vis_45,-43,-85,10,24,17Networks_LH_VisCent_ExStr_20
46,7Networks_LH_Vis_46,-17,-68,4,39,17Networks_LH_VisPeri_StriCal_5
47,7Networks_LH_Vis_47,-12,-75,9,40,17Networks_LH_VisPeri_StriCal_6
48,7Networks_LH_Vis_48,-14,-51,4,472,17Networks_LH_DefaultC_Rsp_2
49,7Networks_LH_Vis_49,-25,-95,8,25,17Networks_LH_VisCent_ExStr_21
50,7Networks_LH_Vis_50,-23,-58,5,55,17Networks_LH_VisPeri_ExStrSup_1
51,7Networks_LH_Vis_51,-7,-81,10,41,17Networks_LH_VisPeri_StriCal_7
52,7Networks_LH_Vis_52,-2,-94,5,42,17Networks_LH_VisPeri_StriCal_8
53,7Networks_LH_Vis_53,-32,-87,10,26,17Networks_LH_VisCent_ExStr_22
54,7Networks_LH_Vis_54,-9,-100,11,27,17Networks_LH_VisCent_ExStr_23
55,7Networks_LH_Vis_55,-16,-58,8,474,17Networks_LH_DefaultC_Rsp_4
56,7Networks_LH_Vis_56,-18,-65,9,56,17Networks_LH_VisPeri_ExStrSup_2
57,7Networks_LH_Vis_57,-8,-70,12,43,17Networks_LH_VisPeri_StriCal_9
58,7Networks_LH_Vis_58,-18,-98,17,28,17Networks_LH_VisCent_ExStr_24
59,7Networks_LH_Vis_59,-49,-75,20,159,17Networks_LH_DorsAttnA_ParOcc_2
60,7Networks_LH_Vis_60,-1,-80,12,44,17Networks_LH_VisPeri_StriCal_10
61,7Networks_LH_Vis_61,-41,-80,16,160,17Networks_LH_DorsAttnA_ParOcc_3
62,7Networks_LH_Vis_62,-4,-92,16,57,17Networks_LH_VisPeri_ExStrSup_3
63,7Networks_LH_Vis_63,-19,-60,16,476,17Networks_LH_DefaultC_Rsp_6
64,7Networks_LH_Vis_64,-25,-91,20,29,17Networks_LH_VisCent_ExStr_25
65,7Networks_LH_Vis_65,-34,-90,19,30,17Networks_LH_VisCent_ExStr_26
66,7Networks_LH_Vis_66,-7,-69,17,58,17Networks_LH_VisPeri_ExStrSup_4
67,7Networks_LH_Vis_67,-2,-82,21,59,17Networks_LH_VisPeri_ExStrSup_5
68,7Networks_LH_Vis_68,-10,-95,25,31,17Networks_LH_VisCent_ExStr_27
69,7Networks_LH_Vis_69,-16,-67,17,60,17Networks_LH_VisPeri_ExStrSup_6
70,7Networks_LH_Vis_70,-17,-90,23,32,17Networks_LH_VisCent_ExStr_28
71,7Networks_LH_Vis_71,-4,-77,27,61,17Networks_LH_VisPeri_ExStrSup_7
72,7Networks_LH_Vis_72,-27,-81,19,33,17Networks_LH_VisCent_ExStr_29
73,7Networks_LH_Vis_73,-5,-88,32,62,17Networks_LH_VisPeri_ExStrSup_8
74,7Networks_LH_Vis_74,-31,-85,26,163,17Networks_LH_DorsAttnA_ParOcc_6
75,7Networks_LH_Vis_75,-14,-75,25,63,17Networks_LH_VisPeri_ExStrSup_9
76,7Networks_LH_Vis_76,-17,-89,34,64,17Networks_LH_VisPeri_ExStrSup_10
77,7Networks_LH_Vis_77,-24,-81,29,34,17Networks_LH_VisCent_ExStr_30
78,7Networks_LH_Vis_78,-12,-81,35,65,17Networks_LH_VisPeri_ExStrSup_11
79,7Networks_LH_Vis_79,-14,-86,42,66,17Networks_LH_VisPeri_ExStrSup_12
80,7Networks_LH_Vis_80,-23,-82,42,166,17Networks_LH_DorsAttnA_SPL_2
81,7Networks_LH_Vis_81,-12,-79,45,363,17Networks_LH_ContC_pCun_5
82,7Networks_LH_SomMot_1,-50,6,-8,134,17Networks_LH_SomMotB_Aud_1
83,7Networks_LH_SomMot_2,-56,-3,-1,135,17Networks_LH_SomMotB_Aud_2
84,7Networks_LH_SomMot_3,-63,-12,3,137,17Networks_LH_SomMotB_Aud_4
85,7Networks_LH_SomMot_4,-66,-19,6,138,17Networks_LH_SomMotB_Aud_5
86,7Networks_LH_SomMot_5,-52,-14,6,139,17Networks_LH_SomMotB_Aud_6
87,7Networks_LH_SomMot_6,-43,-19,3,140,17Networks_LH_SomMotB_Aud_7
88,7Networks_LH_SomMot_7,-66,-30,6,492,17Networks_LH_TempPar_8
89,7Networks_LH_SomMot_8,-53,-20,6,141,17Networks_LH_SomMotB_Aud_8
90,7Networks_LH_SomMot_9,-60,-26,10,142,17Networks_LH_SomMotB_Aud_9
91,7Networks_LH_SomMot_10,-41,-24,11,143,17Networks_LH_SomMotB_Aud_10
92,7Networks_LH_SomMot_11,-34,-24,10,133,17Networks_LH_SomMotB_Ins_1
93,7Networks_LH_SomMot_12,-36,-14,14,120,17Networks_LH_SomMotB_S2_1
94,7Networks_LH_SomMot_13,-62,-40,9,495,17Networks_LH_TempPar_11
95,7Networks_LH_SomMot_14,-43,-30,9,144,17Networks_LH_SomMotB_Aud_11
96,7Networks_LH_SomMot_15,-34,-31,16,145,17Networks_LH_SomMotB_Aud_12
97,7Networks_LH_SomMot_16,-34,-23,19,121,17Networks_LH_SomMotB_S2_2
98,7Networks_LH_SomMot_17,-40,-13,18,122,17Networks_LH_SomMotB_S2_3
99,7Networks_LH_SomMot_18,-48,-34,11,146,17Networks_LH_SomMotB_Aud_13
100,7Networks_LH_SomMot_19,-55,-47,14,497,17Networks_LH_TempPar_13
101,7Networks_LH_SomMot_20,-59,-37,16,147,17Networks_LH_SomMotB_Aud_14
102,7Networks_LH_SomMot_21,-48,-13,14,123,17Networks_LH_SomMotB_S2_4
103,7Networks_LH_SomMot_22,-55,-7,9,124,17Networks_LH_SomMotB_S2_5
104,7Networks_LH_SomMot_23,-65,-46,15,498,17Networks_LH_TempPar_14
105,7Networks_LH_SomMot_24,-39,-26,20,125,17Networks_LH_SomMotB_S2_6
106,7Networks_LH_SomMot_25,-40,-37,17,126,17Networks_LH_SomMotB_S2_7
107,7Networks_LH_SomMot_26,-57,-15,15,127,17Networks_LH_SomMotB_S2_8
108,7Networks_LH_SomMot_27,-60,-3,12,128,17Networks_LH_SomMotB_S2_9
109,7Networks_LH_SomMot_28,-49,-22,18,129,17Networks_LH_SomMotB_S2_10
110,7Networks_LH_SomMot_29,-65,-11,16,130,17Networks_LH_SomMotB_S2_11
111,7Networks_LH_SomMot_30,-48,-30,18,131,17Networks_LH_SomMotB_S2_12
112,7Networks_LH_SomMot_31,-62,-18,21,132,17Networks_LH_SomMotB_S2_13
113,7Networks_LH_SomMot_32,-60,2,22,109,17Networks_LH_SomMotB_Cent_1
114,7Networks_LH_SomMot_33,-60,-6,19,110,17Networks_LH_SomMotB_Cent_2
115,7Networks_LH_SomMot_34,-64,-10,28,111,17Networks_LH_SomMotB_Cent_3
116,7Networks_LH_SomMot_35,-57,-2,29,112,17Networks_LH_SomMotB_Cent_4
117,7Networks_LH_SomMot_36,-54,-10,31,113,17Networks_LH_SomMotB_Cent_5
118,7Networks_LH_SomMot_37,-61,-11,39,114,17Networks_LH_SomMotB_Cent_6
119,7Networks_LH_SomMot_38,-54,-5,37,115,17Networks_LH_SomMotB_Cent_7
120,7Networks_LH_SomMot_39,-55,-19,42,186,17Networks_LH_DorsAttnB_PostC_3
121,7Networks_LH_SomMot_40,-50,-16,41,116,17Networks_LH_SomMotB_Cent_8
122,7Networks_LH_SomMot_41,-44,-13,37,117,17Networks_LH_SomMotB_Cent_9
123,7Networks_LH_SomMot_42,-8,-7,42,67,17Networks_LH_SomMotA_1
124,7Networks_LH_SomMot_43,-52,-4,47,118,17Networks_LH_SomMotB_Cent_10
125,7Networks_LH_SomMot_44,-57,-17,51,68,17Networks_LH_SomMotA_2
126,7Networks_LH_SomMot_45,-47,-27,45,190,17Networks_LH_DorsAttnB_PostC_7
127,7Networks_LH_SomMot_46,-39,-19,40,119,17Networks_LH_SomMotB_Cent_11
128,7Networks_LH_SomMot_47,-8,-9,48,69,17Networks_LH_SomMotA_3
129,7Networks_LH_SomMot_48,-51,-26,55,70,17Networks_LH_SomMotA_4
130,7Networks_LH_SomMot_49,-43,-12,50,71,17Networks_LH_SomMotA_5
131,7Networks_LH_SomMot_50,-47,-17,54,72,17Networks_LH_SomMotA_6
132,7Networks_LH_SomMot_51,-8,-19,47,73,17Networks_LH_SomMotA_7
133,7Networks_LH_SomMot_52,-35,-20,45,74,17Networks_LH_SomMotA_8
134,7Networks_LH_SomMot_53,-39,-5,58,204,17Networks_LH_DorsAttnB_FEF_3
135,7Networks_LH_SomMot_54,-6,-28,50,75,17Networks_LH_SomMotA_9
136,7Networks_LH_SomMot_55,-4,-12,55,76,17Networks_LH_SomMotA_10
137,7Networks_LH_SomMot_56,-40,-16,58,77,17Networks_LH_SomMotA_11
138,7Networks_LH_SomMot_57,-44,-33,63,78,17Networks_LH_SomMotA_12
139,7Networks_LH_SomMot_58,-39,-26,54,79,17Networks_LH_SomMotA_13
140,7Networks_LH_SomMot_59,-33,-45,62,194,17Networks_LH_DorsAttnB_PostC_11
141,7Networks_LH_SomMot_60,-5,-23,57,80,17Networks_LH_SomMotA_14
142,7Networks_LH_SomMot_61,-34,-38,62,81,17Networks_LH_SomMotA_15
143,7Networks_LH_SomMot_62,-9,-41,58,82,17Networks_LH_SomMotA_16
144,7Networks_LH_SomMot_63,-28,-11,61,206,17Networks_LH_DorsAttnB_FEF_5
145,7Networks_LH_SomMot_64,-35,-17,68,83,17Networks_LH_SomMotA_17
146,7Networks_LH_SomMot_65,-5,-12,63,84,17Networks_LH_SomMotA_18
147,7Networks_LH_SomMot_66,-31,-29,63,85,17Networks_LH_SomMotA_19
148,7Networks_LH_SomMot_67,-30,-25,61,86,17Networks_LH_SomMotA_20
149,7Networks_LH_SomMot_68,-3,-33,59,87,17Networks_LH_SomMotA_21
150,7Networks_LH_SomMot_69,-26,-40,62,88,17Networks_LH_SomMotA_22
151,7Networks_LH_SomMot_70,-24,-47,64,89,17Networks_LH_SomMotA_23
152,7Networks_LH_SomMot_71,-24,-12,71,90,17Networks_LH_SomMotA_24
153,7Networks_LH_SomMot_72,-29,-33,72,91,17Networks_LH_SomMotA_25
154,7Networks_LH_SomMot_73,-4,-22,65,92,17Networks_LH_SomMotA_26
155,7Networks_LH_SomMot_74,-22,-29,56,93,17Networks_LH_SomMotA_27
156,7Networks_LH_SomMot_75,-16,-10,66,94,17Networks_LH_SomMotA_28
157,7Networks_LH_SomMot_76,-11,-45,70,95,17Networks_LH_SomMotA_29
158,7Networks_LH_SomMot_77,-23,-21,72,96,17Networks_LH_SomMotA_30
159,7Networks_LH_SomMot_78,-5,-43,66,97,17Networks_LH_SomMotA_31
160,7Networks_LH_SomMot_79,-20,-50,68,200,17Networks_LH_DorsAttnB_PostC_17
161,7Networks_LH_SomMot_80,-18,-26,64,98,17Networks_LH_SomMotA_32
162,7Networks_LH_SomMot_81,-23,-38,71,99,17Networks_LH_SomMotA_33
163,7Networks_LH_SomMot_82,-12,-8,71,100,17Networks_LH_SomMotA_34
164,7Networks_LH_SomMot_83,-14,-49,73,201,17Networks_LH_DorsAttnB_PostC_18
165,7Networks_LH_SomMot_84,-20,-31,68,101,17Networks_LH_SomMotA_35
166,7Networks_LH_SomMot_85,-16,-15,75,102,17Networks_LH_SomMotA_36
167,7Networks_LH_SomMot_86,-7,-16,75,103,17Networks_LH_SomMotA_37
168,7Networks_LH_SomMot_87,-3,-30,71,104,17Networks_LH_SomMotA_38
169,7Networks_LH_SomMot_88,-8,-40,76,105,17Networks_LH_SomMotA_39
170,7Networks_LH_SomMot_89,-17,-39,75,106,17Networks_LH_SomMotA_40
171,7Networks_LH_SomMot_90,-12,-26,74,107,17Networks_LH_SomMotA_41
172,7Networks_LH_SomMot_91,-10,-35,72,108,17Networks_LH_SomMotA_42
173,7Networks_LH_DorsAttn_Post_1,-45,-41,-22,149,17Networks_LH_DorsAttnA_TempOcc_2
174,7Networks_LH_DorsAttn_Post_2,-51,-49,-21,303,17Networks_LH_ContA_Temp_1
175,7Networks_LH_DorsAttn_Post_3,-43,-54,-17,150,17Networks_LH_DorsAttnA_TempOcc_3
176,7Networks_LH_DorsAttn_Post_4,-45,-58,-10,153,17Networks_LH_DorsAttnA_TempOcc_6
177,7Networks_LH_DorsAttn_Post_5,-47,-62,-5,154,17Networks_LH_DorsAttnA_TempOcc_7
178,7Networks_LH_DorsAttn_Post_6,-57,-59,-5,305,17Networks_LH_ContA_Temp_3
179,7Networks_LH_DorsAttn_Post_7,-48,-65,2,156,17Networks_LH_DorsAttnA_TempOcc_9
180,7Networks_LH_DorsAttn_Post_8,-54,-68,6,182,17Networks_LH_DorsAttnB_TempOcc_1
181,7Networks_LH_DorsAttn_Post_9,-58,-60,6,183,17Networks_LH_DorsAttnB_TempOcc_2
182,7Networks_LH_DorsAttn_Post_10,-49,-62,10,157,17Networks_LH_DorsAttnA_TempOcc_10
183,7Networks_LH_DorsAttn_Post_11,-48,-69,16,158,17Networks_LH_DorsAttnA_ParOcc_1
184,7Networks_LH_DorsAttn_Post_12,-45,-62,16,161,17Networks_LH_DorsAttnA_ParOcc_4
185,7Networks_LH_DorsAttn_Post_13,-42,-71,23,468,17Networks_LH_DefaultC_IPL_1
186,7Networks_LH_DorsAttn_Post_14,-39,-87,24,162,17Networks_LH_DorsAttnA_ParOcc_5
187,7Networks_LH_DorsAttn_Post_15,-43,-78,28,469,17Networks_LH_DefaultC_IPL_2
188,7Networks_LH_DorsAttn_Post_16,-35,-85,34,470,17Networks_LH_DefaultC_IPL_3
189,7Networks_LH_DorsAttn_Post_17,-30,-77,30,164,17Networks_LH_DorsAttnA_ParOcc_7
190,7Networks_LH_DorsAttn_Post_18,-27,-70,27,165,17Networks_LH_DorsAttnA_SPL_1
191,7Networks_LH_DorsAttn_Post_19,-58,-23,39,184,17Networks_LH_DorsAttnB_PostC_1
192,7Networks_LH_DorsAttn_Post_20,-23,-73,36,167,17Networks_LH_DorsAttnA_SPL_3
193,7Networks_LH_DorsAttn_Post_21,-27,-67,37,168,17Networks_LH_DorsAttnA_SPL_4
194,7Networks_LH_DorsAttn_Post_22,-59,-30,45,185,17Networks_LH_DorsAttnB_PostC_2
195,7Networks_LH_DorsAttn_Post_23,-52,-27,41,187,17Networks_LH_DorsAttnB_PostC_4
196,7Networks_LH_DorsAttn_Post_24,-51,-34,45,188,17Networks_LH_DorsAttnB_PostC_5
197,7Networks_LH_DorsAttn_Post_25,-41,-39,42,311,17Networks_LH_ContA_IPS_6
198,7Networks_LH_DorsAttn_Post_26,-24,-64,47,169,17Networks_LH_DorsAttnA_SPL_5
199,7Networks_LH_DorsAttn_Post_27,-18,-77,50,170,17Networks_LH_DorsAttnA_SPL_6
200,7Networks_LH_DorsAttn_Post_28,-42,-33,42,189,17Networks_LH_DorsAttnB_PostC_6
201,7Networks_LH_DorsAttn_Post_29,-19,-69,46,171,17Networks_LH_DorsAttnA_SPL_7
202,7Networks_LH_DorsAttn_Post_30,-32,-39,42,191,17Networks_LH_DorsAttnB_PostC_8
203,7Networks_LH_DorsAttn_Post_31,-29,-59,51,172,17Networks_LH_DorsAttnA_SPL_8
204,7Networks_LH_DorsAttn_Post_32,-32,-47,47,315,17Networks_LH_ContA_IPS_10
205,7Networks_LH_DorsAttn_Post_33,-28,-54,49,173,17Networks_LH_DorsAttnA_SPL_9
206,7Networks_LH_DorsAttn_Post_34,-6,-77,52,367,17Networks_LH_ContC_pCun_9
207,7Networks_LH_DorsAttn_Post_35,-41,-35,51,192,17Networks_LH_DorsAttnB_PostC_9
208,7Networks_LH_DorsAttn_Post_36,-26,-65,57,174,17Networks_LH_DorsAttnA_SPL_10
209,7Networks_LH_DorsAttn_Post_37,-29,-57,57,175,17Networks_LH_DorsAttnA_SPL_11
210,7Networks_LH_DorsAttn_Post_38,-15,-72,55,176,17Networks_LH_DorsAttnA_SPL_12
211,7Networks_LH_DorsAttn_Post_39,-38,-42,57,193,17Networks_LH_DorsAttnB_PostC_10
212,7Networks_LH_DorsAttn_Post_40,-37,-52,57,177,17Networks_LH_DorsAttnA_SPL_13
213,7Networks_LH_DorsAttn_Post_41,-8,-70,60,178,17Networks_LH_DorsAttnA_SPL_14
214,7Networks_LH_DorsAttn_Post_42,-21,-68,62,179,17Networks_LH_DorsAttnA_SPL_15
215,7Networks_LH_DorsAttn_Post_43,-29,-61,63,180,17Networks_LH_DorsAttnA_SPL_16
216,7Networks_LH_DorsAttn_Post_44,-3,-53,58,371,17Networks_LH_ContC_pCun_13
217,7Networks_LH_DorsAttn_Post_45,-7,-61,60,195,17Networks_LH_DorsAttnB_PostC_12
218,7Networks_LH_DorsAttn_Post_46,-15,-64,61,181,17Networks_LH_DorsAttnA_SPL_17
219,7Networks_LH_DorsAttn_Post_47,-32,-52,67,196,17Networks_LH_DorsAttnB_PostC_13
220,7Networks_LH_DorsAttn_Post_48,-22,-58,65,197,17Networks_LH_DorsAttnB_PostC_14
221,7Networks_LH_DorsAttn_Post_49,-7,-54,67,198,17Networks_LH_DorsAttnB_PostC_15
222,7Networks_LH_DorsAttn_Post_50,-14,-59,67,199,17Networks_LH_DorsAttnB_PostC_16
223,7Networks_LH_DorsAttn_FEF_1,-42,-2,50,202,17Networks_LH_DorsAttnB_FEF_1
224,7Networks_LH_DorsAttn_FEF_2,-29,4,57,316,17Networks_LH_ContA_PFCd_1
225,7Networks_LH_DorsAttn_FEF_3,-33,-3,51,203,17Networks_LH_DorsAttnB_FEF_2
226,7Networks_LH_DorsAttn_FEF_4,-24,-5,52,205,17Networks_LH_DorsAttnB_FEF_4
227,7Networks_LH_DorsAttn_FEF_5,-22,7,62,317,17Networks_LH_ContA_PFCd_2
228,7Networks_LH_DorsAttn_FEF_6,-20,-6,60,207,17Networks_LH_DorsAttnB_FEF_6
229,7Networks_LH_DorsAttn_FEF_7,-19,0,69,208,17Networks_LH_DorsAttnB_FEF_7
230,7Networks_LH_DorsAttn_PrCv_1,-52,6,27,320,17Networks_LH_ContA_PFCl_3
231,7Networks_LH_DorsAttn_PrCv_2,-55,7,35,209,17Networks_LH_DorsAttnB_PrCv_1
232,7Networks_LH_DorsAttn_PrCv_3,-41,2,31,324,17Networks_LH_ContA_PFCl_7
233,7Networks_LH_DorsAttn_PrCv_4,-49,2,39,210,17Networks_LH_DorsAttnB_PrCv_2
234,7Networks_LH_SalVentAttn_ParOper_1,-47,-39,24,211,17Networks_LH_SalVentAttnA_ParOper_1
235,7Networks_LH_SalVentAttn_ParOper_2,-58,-45,22,500,17Networks_LH_TempPar_16
236,7Networks_LH_SalVentAttn_ParOper_3,-60,-25,20,212,17Networks_LH_SalVentAttnA_ParOper_2
237,7Networks_LH_SalVentAttn_ParOper_4,-53,-41,30,213,17Networks_LH_SalVentAttnA_ParOper_3
238,7Networks_LH_SalVentAttn_ParOper_5,-58,-32,23,214,17Networks_LH_SalVentAttnA_ParOper_4
239,7Networks_LH_SalVentAttn_ParOper_6,-62,-44,31,251,17Networks_LH_SalVentAttnB_IPL_1
240,7Networks_LH_SalVentAttn_ParOper_7,-59,-19,31,215,17Networks_LH_SalVentAttnA_ParOper_5
241,7Networks_LH_SalVentAttn_ParOper_8,-61,-36,34,216,17Networks_LH_SalVentAttnA_ParOper_6
242,7Networks_LH_SalVentAttn_ParOper_9,-64,-27,35,217,17Networks_LH_SalVentAttnA_ParOper_7
243,7Networks_LH_SalVentAttn_TempOcc_1,-56,-57,14,494,17Networks_LH_TempPar_10
244,7Networks_LH_SalVentAttn_TempOcc_2,-48,-51,12,496,17Networks_LH_TempPar_12
245,7Networks_LH_SalVentAttn_FrOperIns_1,-36,5,-15,227,17Networks_LH_SalVentAttnA_Ins_1
246,7Networks_LH_SalVentAttn_FrOperIns_2,-39,1,-9,228,17Networks_LH_SalVentAttnA_Ins_2
247,7Networks_LH_SalVentAttn_FrOperIns_3,-37,10,-1,229,17Networks_LH_SalVentAttnA_Ins_3
248,7Networks_LH_SalVentAttn_FrOperIns_4,-41,-10,-10,230,17Networks_LH_SalVentAttnA_Ins_4
249,7Networks_LH_SalVentAttn_FrOperIns_5,-35,30,-1,263,17Networks_LH_SalVentAttnB_Ins_4
250,7Networks_LH_SalVentAttn_FrOperIns_6,-46,-12,-4,136,17Networks_LH_SomMotB_Aud_3
251,7Networks_LH_SalVentAttn_FrOperIns_7,-32,20,3,264,17Networks_LH_SalVentAttnB_Ins_5
252,7Networks_LH_SalVentAttn_FrOperIns_8,-39,-3,2,231,17Networks_LH_SalVentAttnA_Ins_5
253,7Networks_LH_SalVentAttn_FrOperIns_9,-39,-16,2,232,17Networks_LH_SalVentAttnA_Ins_6
254,7Networks_LH_SalVentAttn_FrOperIns_10,-32,26,7,233,17Networks_LH_SalVentAttnA_Ins_7
255,7Networks_LH_SalVentAttn_FrOperIns_11,-32,13,10,234,17Networks_LH_SalVentAttnA_Ins_8
256,7Networks_LH_SalVentAttn_FrOperIns_12,-36,-3,10,235,17Networks_LH_SalVentAttnA_Ins_9
257,7Networks_LH_SalVentAttn_FrOperIns_13,-37,18,8,265,17Networks_LH_SalVentAttnB_Ins_6
258,7Networks_LH_SalVentAttn_FrOperIns_14,-38,6,10,218,17Networks_LH_SalVentAttnA_FrOper_1
259,7Networks_LH_SalVentAttn_FrOperIns_15,-38,-4,16,219,17Networks_LH_SalVentAttnA_FrOper_2
260,7Networks_LH_SalVentAttn_FrOperIns_16,-43,13,2,266,17Networks_LH_SalVentAttnB_Ins_7
261,7Networks_LH_SalVentAttn_FrOperIns_17,-44,-2,12,220,17Networks_LH_SalVentAttnA_FrOper_3
262,7Networks_LH_SalVentAttn_FrOperIns_18,-46,7,1,221,17Networks_LH_SalVentAttnA_FrOper_4
263,7Networks_LH_SalVentAttn_FrOperIns_19,-48,-3,6,222,17Networks_LH_SalVentAttnA_FrOper_5
264,7Networks_LH_SalVentAttn_FrOperIns_20,-54,6,2,223,17Networks_LH_SalVentAttnA_FrOper_6
265,7Networks_LH_SalVentAttn_FrOperIns_21,-58,2,8,224,17Networks_LH_SalVentAttnA_FrOper_7
266,7Networks_LH_SalVentAttn_FrOperIns_22,-55,8,12,225,17Networks_LH_SalVentAttnA_FrOper_8
267,7Networks_LH_SalVentAttn_FrOperIns_23,-59,6,17,226,17Networks_LH_SalVentAttnA_FrOper_9
268,7Networks_LH_SalVentAttn_PFCl_1,-30,42,31,256,17Networks_LH_SalVentAttnB_PFCl_3
269,7Networks_LH_SalVentAttn_PFCl_2,-26,37,39,259,17Networks_LH_SalVentAttnB_PFCl_6
270,7Networks_LH_SalVentAttn_Med_1,-7,27,28,270,17Networks_LH_SalVentAttnB_PFCmp_2
271,7Networks_LH_SalVentAttn_Med_2,-5,16,31,244,17Networks_LH_SalVentAttnA_FrMed_1
272,7Networks_LH_SalVentAttn_Med_3,-2,0,36,245,17Networks_LH_SalVentAttnA_FrMed_2
273,7Networks_LH_SalVentAttn_Med_4,-8,5,39,246,17Networks_LH_SalVentAttnA_FrMed_3
274,7Networks_LH_SalVentAttn_Med_5,-7,-20,39,236,17Networks_LH_SalVentAttnA_ParMed_1
275,7Networks_LH_SalVentAttn_Med_6,-6,16,41,271,17Networks_LH_SalVentAttnB_PFCmp_3
276,7Networks_LH_SalVentAttn_Med_7,-11,-31,39,237,17Networks_LH_SalVentAttnA_ParMed_2
277,7Networks_LH_SalVentAttn_Med_8,-12,-20,40,238,17Networks_LH_SalVentAttnA_ParMed_3
278,7Networks_LH_SalVentAttn_Med_9,-14,-41,45,239,17Networks_LH_SalVentAttnA_ParMed_4
279,7Networks_LH_SalVentAttn_Med_10,-6,3,50,247,17Networks_LH_SalVentAttnA_FrMed_4
280,7Networks_LH_SalVentAttn_Med_11,-13,-29,44,240,17Networks_LH_SalVentAttnA_ParMed_5
281,7Networks_LH_SalVentAttn_Med_12,-4,-49,51,370,17Networks_LH_ContC_pCun_12
282,7Networks_LH_SalVentAttn_Med_13,-11,-46,52,241,17Networks_LH_SalVentAttnA_ParMed_6
283,7Networks_LH_SalVentAttn_Med_14,-12,-37,50,242,17Networks_LH_SalVentAttnA_ParMed_7
284,7Networks_LH_SalVentAttn_Med_15,-5,3,58,248,17Networks_LH_SalVentAttnA_FrMed_5
285,7Networks_LH_SalVentAttn_Med_16,-9,-48,60,243,17Networks_LH_SalVentAttnA_ParMed_8
286,7Networks_LH_SalVentAttn_Med_17,-3,-2,64,249,17Networks_LH_SalVentAttnA_FrMed_6
287,7Networks_LH_SalVentAttn_Med_18,-13,6,68,253,17Networks_LH_SalVentAttnB_PFCd_1
288,7Networks_LH_SalVentAttn_Med_19,-8,-3,71,250,17Networks_LH_SalVentAttnA_FrMed_7
289,7Networks_LH_Limbic_OFC_1,-19,13,-22,273,17Networks_LH_LimbicB_OFC_1
290,7Networks_LH_Limbic_OFC_2,-13,21,-17,274,17Networks_LH_LimbicB_OFC_2
291,7Networks_LH_Limbic_OFC_3,-14,24,-24,275,17Networks_LH_LimbicB_OFC_3
292,7Networks_LH_Limbic_OFC_4,-10,34,-22,276,17Networks_LH_LimbicB_OFC_4
293,7Networks_LH_Limbic_OFC_5,-27,15,-23,277,17Networks_LH_LimbicB_OFC_5
294,7Networks_LH_Limbic_OFC_6,-7,19,-22,278,17Networks_LH_LimbicB_OFC_6
295,7Networks_LH_Limbic_OFC_7,-25,28,-17,279,17Networks_LH_LimbicB_OFC_7
296,7Networks_LH_Limbic_OFC_8,-19,41,-19,280,17Networks_LH_LimbicB_OFC_8
297,7Networks_LH_Limbic_OFC_9,-3,38,-22,281,17Networks_LH_LimbicB_OFC_9
298,7Networks_LH_Limbic_OFC_10,-9,51,-23,282,17Networks_LH_LimbicB_OFC_10
299,7Networks_LH_Limbic_OFC_11,-3,20,-17,283,17Networks_LH_LimbicB_OFC_11
300,7Networks_LH_Limbic_OFC_12,-4,17,-10,284,17Networks_LH_LimbicB_OFC_12
301,7Networks_LH_Limbic_OFC_13,-10,63,-15,285,17Networks_LH_LimbicB_OFC_13
302,7Networks_LH_Limbic_OFC_14,-22,62,-11,287,17Networks_LH_LimbicB_OFC_15
303,7Networks_LH_Limbic_TempPole_1,-29,1,-43,289,17Networks_LH_LimbicA_TempPole_1
304,7Networks_LH_Limbic_TempPole_2,-43,-2,-43,290,17Networks_LH_LimbicA_TempPole_2
305,7Networks_LH_Limbic_TempPole_3,-38,-11,-37,291,17Networks_LH_LimbicA_TempPole_3
306,7Networks_LH_Limbic_TempPole_4,-28,-8,-34,292,17Networks_LH_LimbicA_TempPole_4
307,7Networks_LH_Limbic_TempPole_5,-51,-14,-37,293,17Networks_LH_LimbicA_TempPole_5
308,7Networks_LH_Limbic_TempPole_6,-19,-2,-31,294,17Networks_LH_LimbicA_TempPole_6
309,7Networks_LH_Limbic_TempPole_7,-39,-18,-29,295,17Networks_LH_LimbicA_TempPole_7
310,7Networks_LH_Limbic_TempPole_8,-37,17,-34,296,17Networks_LH_LimbicA_TempPole_8
311,7Networks_LH_Limbic_TempPole_9,-27,7,-29,297,17Networks_LH_LimbicA_TempPole_9
312,7Networks_LH_Limbic_TempPole_10,-44,-30,-22,298,17Networks_LH_LimbicA_TempPole_10
313,7Networks_LH_Limbic_TempPole_11,-53,-31,-27,299,17Networks_LH_LimbicA_TempPole_11
314,7Networks_LH_Limbic_TempPole_12,-20,-15,-29,300,17Networks_LH_LimbicA_TempPole_12
315,7Networks_LH_Limbic_TempPole_13,-31,-23,-26,479,17Networks_LH_DefaultC_PHC_1
316,7Networks_LH_Limbic_TempPole_14,-38,9,-25,301,17Networks_LH_LimbicA_TempPole_13
317,7Networks_LH_Limbic_TempPole_15,-44,6,-17,302,17Networks_LH_LimbicA_TempPole_14
318,7Networks_LH_Cont_Par_1,-29,-77,41,306,17Networks_LH_ContA_IPS_1
319,7Networks_LH_Cont_Par_2,-59,-41,44,252,17Networks_LH_SalVentAttnB_IPL_2
320,7Networks_LH_Cont_Par_3,-57,-47,45,339,17Networks_LH_ContB_IPL_2
321,7Networks_LH_Cont_Par_4,-32,-69,51,341,17Networks_LH_ContB_IPL_4
322,7Networks_LH_Cont_Par_5,-49,-56,51,342,17Networks_LH_ContB_IPL_5
323,7Networks_LH_Cont_Par_6,-51,-48,54,343,17Networks_LH_ContB_IPL_6
324,7Networks_LH_Cont_Par_7,-55,-39,50,307,17Networks_LH_ContA_IPS_2
325,7Networks_LH_Cont_Par_8,-38,-61,51,344,17Networks_LH_ContB_IPL_7
326,7Networks_LH_Cont_Par_9,-48,-42,50,308,17Networks_LH_ContA_IPS_3
327,7Networks_LH_Cont_Par_10,-42,-54,49,345,17Networks_LH_ContB_IPL_8
328,7Networks_LH_Cont_Par_11,-44,-47,48,309,17Networks_LH_ContA_IPS_4
329,7Networks_LH_Cont_Par_12,-29,-67,49,310,17Networks_LH_ContA_IPS_5
330,7Networks_LH_Cont_Par_13,-33,-59,43,312,17Networks_LH_ContA_IPS_7
331,7Networks_LH_Cont_Par_14,-36,-46,39,313,17Networks_LH_ContA_IPS_8
332,7Networks_LH_Cont_Par_15,-32,-53,41,314,17Networks_LH_ContA_IPS_9
333,7Networks_LH_Cont_Temp_1,-59,-39,-21,334,17Networks_LH_ContB_Temp_1
334,7Networks_LH_Cont_Temp_2,-55,-57,-17,304,17Networks_LH_ContA_Temp_2
335,7Networks_LH_Cont_Temp_3,-60,-47,-12,336,17Networks_LH_ContB_Temp_3
336,7Networks_LH_Cont_Temp_4,-62,-49,-3,337,17Networks_LH_ContB_Temp_4
337,7Networks_LH_Cont_PFCd_1,-24,13,52,347,17Networks_LH_ContB_PFCd_2
338,7Networks_LH_Cont_PFCl_1,-41,51,-3,353,17Networks_LH_ContB_PFClv_2
339,7Networks_LH_Cont_PFCl_2,-47,42,4,327,17Networks_LH_ContA_PFClv_1
340,7Networks_LH_Cont_PFCl_3,-38,50,7,355,17Networks_LH_ContB_PFClv_4
341,7Networks_LH_Cont_PFCl_4,-51,32,12,328,17Networks_LH_ContA_PFClv_2
342,7Networks_LH_Cont_PFCl_5,-29,56,10,356,17Networks_LH_ContB_PFClv_5
343,7Networks_LH_Cont_PFCl_6,-43,38,13,329,17Networks_LH_ContA_PFClv_3
344,7Networks_LH_Cont_PFCl_7,-49,11,13,267,17Networks_LH_SalVentAttnB_Ins_8
345,7Networks_LH_Cont_PFCl_8,-45,25,20,330,17Networks_LH_ContA_PFClv_4
346,7Networks_LH_Cont_PFCl_9,-38,46,19,254,17Networks_LH_SalVentAttnB_PFCl_1
347,7Networks_LH_Cont_PFCl_10,-47,15,25,318,17Networks_LH_ContA_PFCl_1
348,7Networks_LH_Cont_PFCl_11,-48,7,22,319,17Networks_LH_ContA_PFCl_2
349,7Networks_LH_Cont_PFCl_12,-29,50,22,255,17Networks_LH_SalVentAttnB_PFCl_2
350,7Networks_LH_Cont_PFCl_13,-41,33,23,331,17Networks_LH_ContA_PFClv_5
351,7Networks_LH_Cont_PFCl_14,-43,23,27,321,17Networks_LH_ContA_PFCl_4
352,7Networks_LH_Cont_PFCl_15,-43,37,29,322,17Networks_LH_ContA_PFCl_5
353,7Networks_LH_Cont_PFCl_16,-37,8,27,323,17Networks_LH_ContA_PFCl_6
354,7Networks_LH_Cont_PFCl_17,-45,21,35,349,17Networks_LH_ContB_PFCl_1
355,7Networks_LH_Cont_PFCl_18,-39,10,33,325,17Networks_LH_ContA_PFCl_8
356,7Networks_LH_Cont_PFCl_19,-35,32,38,258,17Networks_LH_SalVentAttnB_PFCl_5
357,7Networks_LH_Cont_PFCl_20,-40,3,37,326,17Networks_LH_ContA_PFCl_9
358,7Networks_LH_Cont_OFC_1,-27,47,-13,268,17Networks_LH_SalVentAttnB_OFC_1
359,7Networks_LH_Cont_PFCv_1,-35,16,-7,261,17Networks_LH_SalVentAttnB_Ins_2
360,7Networks_LH_Cont_PFCv_2,-31,24,-3,262,17Networks_LH_SalVentAttnB_Ins_3
361,7Networks_LH_Cont_pCun_1,-10,-70,31,360,17Networks_LH_ContC_pCun_2
362,7Networks_LH_Cont_pCun_2,-10,-73,39,361,17Networks_LH_ContC_pCun_3
363,7Networks_LH_Cont_pCun_3,-4,-76,45,365,17Networks_LH_ContC_pCun_7
364,7Networks_LH_Cont_pCun_4,-4,-66,52,369,17Networks_LH_ContC_pCun_11
365,7Networks_LH_Cont_Cing_1,-3,18,23,269,17Networks_LH_SalVentAttnB_PFCmp_1
366,7Networks_LH_Cont_Cing_2,-7,-38,25,373,17Networks_LH_ContC_Cingp_2
367,7Networks_LH_Cont_Cing_3,-6,-27,27,374,17Networks_LH_ContC_Cingp_3
368,7Networks_LH_Cont_Cing_4,-4,9,27,332,17Networks_LH_ContA_Cingm_1
369,7Networks_LH_Cont_Cing_5,-4,-13,30,375,17Networks_LH_ContC_Cingp_4
370,7Networks_LH_Cont_Cing_6,-4,-1,31,333,17Networks_LH_ContA_Cingm_2
371,7Networks_LH_Cont_Cing_7,-3,-32,29,376,17Networks_LH_ContC_Cingp_5
372,7Networks_LH_Cont_Cing_8,-2,-23,31,377,17Networks_LH_ContC_Cingp_6
373,7Networks_LH_Cont_PFCmp_1,-4,24,47,358,17Networks_LH_ContB_PFCmp_2
374,7Networks_LH_Cont_PFCmp_2,-6,14,53,272,17Networks_LH_SalVentAttnB_PFCmp_4
375,7Networks_LH_Default_Par_1,-47,-58,18,436,17Networks_LH_DefaultB_IPL_1
376,7Networks_LH_Default_Par_2,-47,-51,20,437,17Networks_LH_DefaultB_IPL_2
377,7Networks_LH_Default_Par_3,-60,-53,19,499,17Networks_LH_TempPar_15
378,7Networks_LH_Default_Par_4,-45,-65,23,378,17Networks_LH_DefaultA_IPL_1
379,7Networks_LH_Default_Par_5,-44,-56,26,438,17Networks_LH_DefaultB_IPL_3
380,7Networks_LH_Default_Par_6,-52,-55,25,439,17Networks_LH_DefaultB_IPL_4
381,7Networks_LH_Default_Par_7,-61,-54,26,440,17Networks_LH_DefaultB_IPL_5
382,7Networks_LH_Default_Par_8,-46,-71,30,379,17Networks_LH_DefaultA_IPL_2
383,7Networks_LH_Default_Par_9,-48,-64,31,380,17Networks_LH_DefaultA_IPL_3
384,7Networks_LH_Default_Par_10,-46,-57,34,441,17Networks_LH_DefaultB_IPL_6
385,7Networks_LH_Default_Par_11,-55,-58,33,442,17Networks_LH_DefaultB_IPL_7
386,7Networks_LH_Default_Par_12,-38,-77,40,381,17Networks_LH_DefaultA_IPL_4
387,7Networks_LH_Default_Par_13,-59,-51,34,443,17Networks_LH_DefaultB_IPL_8
388,7Networks_LH_Default_Par_14,-47,-69,39,382,17Networks_LH_DefaultA_IPL_5
389,7Networks_LH_Default_Par_15,-46,-62,43,383,17Networks_LH_DefaultA_IPL_6
390,7Networks_LH_Default_Par_16,-54,-59,42,444,17Networks_LH_DefaultB_IPL_9
391,7Networks_LH_Default_Par_17,-37,-72,49,384,17Networks_LH_DefaultA_IPL_7
392,7Networks_LH_Default_Par_18,-52,-51,42,338,17Networks_LH_ContB_IPL_1
393,7Networks_LH_Default_Par_19,-43,-65,52,340,17Networks_LH_ContB_IPL_3
394,7Networks_LH_Default_Temp_1,-46,7,-37,423,17Networks_LH_DefaultB_Temp_1
395,7Networks_LH_Default_Temp_2,-52,-5,-32,424,17Networks_LH_DefaultB_Temp_2
396,7Networks_LH_Default_Temp_3,-59,-22,-26,425,17Networks_LH_DefaultB_Temp_3
397,7Networks_LH_Default_Temp_4,-55,4,-26,426,17Networks_LH_DefaultB_Temp_4
398,7Networks_LH_Default_Temp_5,-48,15,-25,427,17Networks_LH_DefaultB_Temp_5
399,7Networks_LH_Default_Temp_6,-62,-15,-21,428,17Networks_LH_DefaultB_Temp_6
400,7Networks_LH_Default_Temp_7,-52,7,-17,485,17Networks_LH_TempPar_1
401,7Networks_LH_Default_Temp_8,-62,-33,-14,335,17Networks_LH_ContB_Temp_2
402,7Networks_LH_Default_Temp_9,-59,-10,-14,429,17Networks_LH_DefaultB_Temp_7
403,7Networks_LH_Default_Temp_10,-65,-25,-9,430,17Networks_LH_DefaultB_Temp_8
404,7Networks_LH_Default_Temp_11,-53,-4,-11,486,17Networks_LH_TempPar_2
405,7Networks_LH_Default_Temp_12,-66,-37,-6,431,17Networks_LH_DefaultB_Temp_9
406,7Networks_LH_Default_Temp_13,-52,-22,-8,432,17Networks_LH_DefaultB_Temp_10
407,7Networks_LH_Default_Temp_14,-57,-31,-5,433,17Networks_LH_DefaultB_Temp_11
408,7Networks_LH_Default_Temp_15,-58,-14,-4,487,17Networks_LH_TempPar_3
409,7Networks_LH_Default_Temp_16,-63,-42,1,434,17Networks_LH_DefaultB_Temp_12
410,7Networks_LH_Default_Temp_17,-49,-34,-2,435,17Networks_LH_DefaultB_Temp_13
411,7Networks_LH_Default_Temp_18,-57,-24,-1,488,17Networks_LH_TempPar_4
412,7Networks_LH_Default_Temp_19,-53,-42,1,489,17Networks_LH_TempPar_5
413,7Networks_LH_Default_Temp_20,-60,-51,6,490,17Networks_LH_TempPar_6
414,7Networks_LH_Default_Temp_21,-55,-34,4,491,17Networks_LH_TempPar_7
415,7Networks_LH_Default_Temp_22,-50,-45,7,493,17Networks_LH_TempPar_9
416,7Networks_LH_Default_PFC_1,-28,17,-16,459,17Networks_LH_DefaultB_PFCv_1
417,7Networks_LH_Default_PFC_2,-33,12,-12,260,17Networks_LH_SalVentAttnB_Ins_1
418,7Networks_LH_Default_PFC_3,-36,36,-12,460,17Networks_LH_DefaultB_PFCv_2
419,7Networks_LH_Default_PFC_4,-37,24,-15,461,17Networks_LH_DefaultB_PFCv_3
420,7Networks_LH_Default_PFC_5,-6,32,-11,286,17Networks_LH_LimbicB_OFC_14
421,7Networks_LH_Default_PFC_6,-39,50,-13,352,17Networks_LH_ContB_PFClv_1
422,7Networks_LH_Default_PFC_7,-5,55,-10,411,17Networks_LH_DefaultA_PFCm_1
423,7Networks_LH_Default_PFC_8,-46,31,-11,462,17Networks_LH_DefaultB_PFCv_4
424,7Networks_LH_Default_PFC_9,-4,24,-5,412,17Networks_LH_DefaultA_PFCm_2
425,7Networks_LH_Default_PFC_10,-8,46,-4,413,17Networks_LH_DefaultA_PFCm_3
426,7Networks_LH_Default_PFC_11,-49,40,-7,463,17Networks_LH_DefaultB_PFCv_5
427,7Networks_LH_Default_PFC_12,-17,65,-3,288,17Networks_LH_LimbicB_OFC_16
428,7Networks_LH_Default_PFC_13,-4,35,-3,414,17Networks_LH_DefaultA_PFCm_4
429,7Networks_LH_Default_PFC_14,-28,58,-1,354,17Networks_LH_ContB_PFClv_3
430,7Networks_LH_Default_PFC_15,-44,29,-1,464,17Networks_LH_DefaultB_PFCv_6
431,7Networks_LH_Default_PFC_16,-9,68,2,415,17Networks_LH_DefaultA_PFCm_5
432,7Networks_LH_Default_PFC_17,-52,28,2,465,17Networks_LH_DefaultB_PFCv_7
433,7Networks_LH_Default_PFC_18,-45,20,6,466,17Networks_LH_DefaultB_PFCv_8
434,7Networks_LH_Default_PFC_19,-6,59,8,416,17Networks_LH_DefaultA_PFCm_6
435,7Networks_LH_Default_PFC_20,-6,45,7,417,17Networks_LH_DefaultA_PFCm_7
436,7Networks_LH_Default_PFC_21,-55,18,12,467,17Networks_LH_DefaultB_PFCv_9
437,7Networks_LH_Default_PFC_22,-20,65,9,418,17Networks_LH_DefaultA_PFCm_8
438,7Networks_LH_Default_PFC_23,-2,36,9,419,17Networks_LH_DefaultA_PFCm_9
439,7Networks_LH_Default_PFC_24,-9,67,15,420,17Networks_LH_DefaultA_PFCm_10
440,7Networks_LH_Default_PFC_25,-3,29,17,421,17Networks_LH_DefaultA_PFCm_11
441,7Networks_LH_Default_PFC_26,-23,58,20,445,17Networks_LH_DefaultB_PFCd_1
442,7Networks_LH_Default_PFC_27,-5,50,21,446,17Networks_LH_DefaultB_PFCd_2
443,7Networks_LH_Default_PFC_28,-8,36,21,422,17Networks_LH_DefaultA_PFCm_12
444,7Networks_LH_Default_PFC_29,-16,60,26,447,17Networks_LH_DefaultB_PFCd_3
445,7Networks_LH_Default_PFC_30,-5,61,27,448,17Networks_LH_DefaultB_PFCd_4
446,7Networks_LH_Default_PFC_31,-21,49,31,257,17Networks_LH_SalVentAttnB_PFCl_4
447,7Networks_LH_Default_PFC_32,-3,36,34,357,17Networks_LH_ContB_PFCmp_1
448,7Networks_LH_Default_PFC_33,-3,49,38,449,17Networks_LH_DefaultB_PFCd_5
449,7Networks_LH_Default_PFC_34,-12,51,41,450,17Networks_LH_DefaultB_PFCd_6
450,7Networks_LH_Default_PFC_35,-20,43,42,385,17Networks_LH_DefaultA_PFCd_1
451,7Networks_LH_Default_PFC_36,-47,13,41,350,17Networks_LH_ContB_PFCl_2
452,7Networks_LH_Default_PFC_37,-39,24,46,351,17Networks_LH_ContB_PFCl_3
453,7Networks_LH_Default_PFC_38,-25,27,44,386,17Networks_LH_DefaultA_PFCd_2
454,7Networks_LH_Default_PFC_39,-3,35,47,451,17Networks_LH_DefaultB_PFCd_7
455,7Networks_LH_Default_PFC_40,-7,42,52,452,17Networks_LH_DefaultB_PFCd_8
456,7Networks_LH_Default_PFC_41,-19,34,50,387,17Networks_LH_DefaultA_PFCd_3
457,7Networks_LH_Default_PFC_42,-42,7,49,457,17Networks_LH_DefaultB_PFCl_1
458,7Networks_LH_Default_PFC_43,-38,13,56,458,17Networks_LH_DefaultB_PFCl_2
459,7Networks_LH_Default_PFC_44,-29,17,56,346,17Networks_LH_ContB_PFCd_1
460,7Networks_LH_Default_PFC_45,-22,19,47,388,17Networks_LH_DefaultA_PFCd_4
461,7Networks_LH_Default_PFC_46,-5,25,61,453,17Networks_LH_DefaultB_PFCd_9
462,7Networks_LH_Default_PFC_47,-14,27,59,454,17Networks_LH_DefaultB_PFCd_10
463,7Networks_LH_Default_PFC_48,-22,21,59,348,17Networks_LH_ContB_PFCd_3
464,7Networks_LH_Default_PFC_49,-5,12,65,455,17Networks_LH_DefaultB_PFCd_11
465,7Networks_LH_Default_PFC_50,-15,15,65,456,17Networks_LH_DefaultB_PFCd_12
466,7Networks_LH_Default_pCunPCC_1,-7,-46,9,473,17Networks_LH_DefaultC_Rsp_3
467,7Networks_LH_Default_pCunPCC_2,-9,-54,9,475,17Networks_LH_DefaultC_Rsp_5
468,7Networks_LH_Default_pCunPCC_3,-6,-47,15,389,17Networks_LH_DefaultA_pCunPCC_1
469,7Networks_LH_Default_pCunPCC_4,-11,-59,17,477,17Networks_LH_DefaultC_Rsp_7
470,7Networks_LH_Default_pCunPCC_5,-5,-53,17,390,17Networks_LH_DefaultA_pCunPCC_2
471,7Networks_LH_Default_pCunPCC_6,-6,-44,21,372,17Networks_LH_ContC_Cingp_1
472,7Networks_LH_Default_pCunPCC_7,-15,-63,22,478,17Networks_LH_DefaultC_Rsp_8
473,7Networks_LH_Default_pCunPCC_8,-3,-48,24,391,17Networks_LH_DefaultA_pCunPCC_3
474,7Networks_LH_Default_pCunPCC_9,-15,-68,26,359,17Networks_LH_ContC_pCun_1
475,7Networks_LH_Default_pCunPCC_10,-3,-61,22,392,17Networks_LH_DefaultA_pCunPCC_4
476,7Networks_LH_Default_pCunPCC_11,-3,-41,26,393,17Networks_LH_DefaultA_pCunPCC_5
477,7Networks_LH_Default_pCunPCC_12,-8,-53,26,394,17Networks_LH_DefaultA_pCunPCC_6
478,7Networks_LH_Default_pCunPCC_13,-6,-67,26,395,17Networks_LH_DefaultA_pCunPCC_7
479,7Networks_LH_Default_pCunPCC_14,-5,-46,30,396,17Networks_LH_DefaultA_pCunPCC_8
480,7Networks_LH_Default_pCunPCC_15,-6,-57,30,397,17Networks_LH_DefaultA_pCunPCC_9
481,7Networks_LH_Default_pCunPCC_16,-3,-39,31,398,17Networks_LH_DefaultA_pCunPCC_10
482,7Networks_LH_Default_pCunPCC_17,-12,-49,31,399,17Networks_LH_DefaultA_pCunPCC_11
483,7Networks_LH_Default_pCunPCC_18,-3,-64,33,400,17Networks_LH_DefaultA_pCunPCC_12
484,7Networks_LH_Default_pCunPCC_19,-4,-34,35,401,17Networks_LH_DefaultA_pCunPCC_13
485,7Networks_LH_Default_pCunPCC_20,-9,-41,35,402,17Networks_LH_DefaultA_pCunPCC_14
486,7Networks_LH_Default_pCunPCC_21,-2,-15,37,403,17Networks_LH_DefaultA_pCunPCC_15
487,7Networks_LH_Default_pCunPCC_22,-3,-27,37,404,17Networks_LH_DefaultA_pCunPCC_16
488,7Networks_LH_Default_pCunPCC_23,-8,-55,35,405,17Networks_LH_DefaultA_pCunPCC_17
489,7Networks_LH_Default_pCunPCC_24,-2,-70,36,406,17Networks_LH_DefaultA_pCunPCC_18
490,7Networks_LH_Default_pCunPCC_25,-5,-32,42,362,17Networks_LH_ContC_pCun_4
491,7Networks_LH_Default_pCunPCC_26,-12,-48,37,407,17Networks_LH_DefaultA_pCunPCC_19
492,7Networks_LH_Default_pCunPCC_27,-5,-40,42,364,17Networks_LH_ContC_pCun_6
493,7Networks_LH_Default_pCunPCC_28,-5,-62,39,408,17Networks_LH_DefaultA_pCunPCC_20
494,7Networks_LH_Default_pCunPCC_29,-7,-54,42,409,17Networks_LH_DefaultA_pCunPCC_21
495,7Networks_LH_Default_pCunPCC_30,-3,-68,45,366,17Networks_LH_ContC_pCun_8
496,7Networks_LH_Default_pCunPCC_31,-7,-47,44,410,17Networks_LH_DefaultA_pCunPCC_22
497,7Networks_LH_Default_pCunPCC_32,-5,-59,48,368,17Networks_LH_ContC_pCun_10
498,7Networks_LH_Default_PHC_1,-31,-32,-18,480,17Networks_LH_DefaultC_PHC_2
499,7Networks_LH_Default_PHC_2,-20,-25,-22,481,17Networks_LH_DefaultC_PHC_3
500,7Networks_LH_Default_PHC_3,-21,-36,-14,483,17Networks_LH_DefaultC_PHC_5
501,7Networks_RH_Vis_1,33,-36,-23,660,17Networks_RH_DorsAttnA_TempOcc_2
502,7Networks_RH_Vis_2,36,-51,-18,505,17Networks_RH_VisCent_ExStr_1
503,7Networks_RH_Vis_3,30,-32,-16,977,17Networks_RH_DefaultC_PHC_3
504,7Networks_RH_Vis_4,26,-49,-14,506,17Networks_RH_VisCent_ExStr_2
505,7Networks_RH_Vis_5,46,-57,-18,507,17Networks_RH_VisCent_ExStr_3
506,7Networks_RH_Vis_6,36,-67,-15,508,17Networks_RH_VisCent_ExStr_4
507,7Networks_RH_Vis_7,30,-46,-9,546,17Networks_RH_VisPeri_ExStrInf_1
508,7Networks_RH_Vis_8,27,-72,-10,509,17Networks_RH_VisCent_ExStr_5
509,7Networks_RH_Vis_9,27,-59,-9,510,17Networks_RH_VisCent_ExStr_6
510,7Networks_RH_Vis_10,20,-31,-15,978,17Networks_RH_DefaultC_PHC_4
511,7Networks_RH_Vis_11,38,-78,-16,511,17Networks_RH_VisCent_ExStr_7
512,7Networks_RH_Vis_12,26,-81,-12,512,17Networks_RH_VisCent_ExStr_8
513,7Networks_RH_Vis_13,22,-44,-9,547,17Networks_RH_VisPeri_ExStrInf_2
514,7Networks_RH_Vis_14,19,-71,-9,513,17Networks_RH_VisCent_ExStr_9
515,7Networks_RH_Vis_15,20,-60,-7,548,17Networks_RH_VisPeri_ExStrInf_3
516,7Networks_RH_Vis_16,46,-78,-14,514,17Networks_RH_VisCent_ExStr_10
517,7Networks_RH_Vis_17,20,-88,-12,515,17Networks_RH_VisCent_ExStr_11
518,7Networks_RH_Vis_18,14,-80,-13,516,17Networks_RH_VisCent_ExStr_12
519,7Networks_RH_Vis_19,17,-36,-12,549,17Networks_RH_VisPeri_ExStrInf_4
520,7Networks_RH_Vis_20,34,-89,-16,517,17Networks_RH_VisCent_ExStr_13
521,7Networks_RH_Vis_21,50,-63,-7,664,17Networks_RH_DorsAttnA_TempOcc_6
522,7Networks_RH_Vis_22,15,-50,-7,550,17Networks_RH_VisPeri_ExStrInf_5
523,7Networks_RH_Vis_23,12,-62,-3,551,17Networks_RH_VisPeri_ExStrInf_6
524,7Networks_RH_Vis_24,8,-72,-4,552,17Networks_RH_VisPeri_ExStrInf_7
525,7Networks_RH_Vis_25,7,-89,-12,518,17Networks_RH_VisCent_ExStr_14
526,7Networks_RH_Vis_26,49,-75,-7,519,17Networks_RH_VisCent_ExStr_15
527,7Networks_RH_Vis_27,22,-97,-13,520,17Networks_RH_VisCent_ExStr_16
528,7Networks_RH_Vis_28,4,-82,-5,521,17Networks_RH_VisCent_ExStr_17
529,7Networks_RH_Vis_29,13,-96,-8,501,17Networks_RH_VisCent_Striate_1
530,7Networks_RH_Vis_30,33,-93,-7,522,17Networks_RH_VisCent_ExStr_18
531,7Networks_RH_Vis_31,17,-44,-3,553,17Networks_RH_VisPeri_ExStrInf_8
532,7Networks_RH_Vis_32,15,-56,2,554,17Networks_RH_VisPeri_ExStrInf_9
533,7Networks_RH_Vis_33,5,-62,6,555,17Networks_RH_VisPeri_ExStrInf_10
534,7Networks_RH_Vis_34,46,-66,-1,523,17Networks_RH_VisCent_ExStr_19
535,7Networks_RH_Vis_35,42,-86,-4,524,17Networks_RH_VisCent_ExStr_20
536,7Networks_RH_Vis_36,4,-72,5,540,17Networks_RH_VisPeri_StriCal_1
537,7Networks_RH_Vis_37,22,-100,-5,525,17Networks_RH_VisCent_ExStr_21
538,7Networks_RH_Vis_38,9,-91,0,502,17Networks_RH_VisCent_Striate_2
539,7Networks_RH_Vis_39,51,-74,1,526,17Networks_RH_VisCent_ExStr_22
540,7Networks_RH_Vis_40,12,-64,6,541,17Networks_RH_VisPeri_StriCal_2
541,7Networks_RH_Vis_41,25,-53,3,556,17Networks_RH_VisPeri_ExStrInf_11
542,7Networks_RH_Vis_42,13,-44,3,971,17Networks_RH_DefaultC_Rsp_1
543,7Networks_RH_Vis_43,13,-103,2,503,17Networks_RH_VisCent_Striate_3
544,7Networks_RH_Vis_44,9,-82,5,542,17Networks_RH_VisPeri_StriCal_3
545,7Networks_RH_Vis_45,26,-98,3,527,17Networks_RH_VisCent_ExStr_23
546,7Networks_RH_Vis_46,11,-97,5,504,17Networks_RH_VisCent_Striate_4
547,7Networks_RH_Vis_47,24,-62,5,543,17Networks_RH_VisPeri_StriCal_4
548,7Networks_RH_Vis_48,20,-53,7,557,17Networks_RH_VisPeri_ExStrInf_12
549,7Networks_RH_Vis_49,49,-66,9,667,17Networks_RH_DorsAttnA_ParOcc_1
550,7Networks_RH_Vis_50,12,-71,11,544,17Networks_RH_VisPeri_StriCal_5
551,7Networks_RH_Vis_51,34,-89,4,528,17Networks_RH_VisCent_ExStr_24
552,7Networks_RH_Vis_52,43,-79,5,529,17Networks_RH_VisCent_ExStr_25
553,7Networks_RH_Vis_53,14,-101,13,530,17Networks_RH_VisCent_ExStr_26
554,7Networks_RH_Vis_54,4,-86,10,558,17Networks_RH_VisPeri_ExStrSup_1
555,7Networks_RH_Vis_55,5,-76,14,545,17Networks_RH_VisPeri_StriCal_6
556,7Networks_RH_Vis_56,49,-73,12,669,17Networks_RH_DorsAttnA_ParOcc_3
557,7Networks_RH_Vis_57,21,-59,11,559,17Networks_RH_VisPeri_ExStrSup_2
558,7Networks_RH_Vis_58,26,-96,15,531,17Networks_RH_VisCent_ExStr_27
559,7Networks_RH_Vis_59,7,-94,15,532,17Networks_RH_VisCent_ExStr_28
560,7Networks_RH_Vis_60,38,-84,9,533,17Networks_RH_VisCent_ExStr_29
561,7Networks_RH_Vis_61,15,-94,19,534,17Networks_RH_VisCent_ExStr_30
562,7Networks_RH_Vis_62,31,-87,13,535,17Networks_RH_VisCent_ExStr_31
563,7Networks_RH_Vis_63,8,-66,18,560,17Networks_RH_VisPeri_ExStrSup_3
564,7Networks_RH_Vis_64,5,-81,23,561,17Networks_RH_VisPeri_ExStrSup_4
565,7Networks_RH_Vis_65,19,-64,17,562,17Networks_RH_VisPeri_ExStrSup_5
566,7Networks_RH_Vis_66,43,-80,16,672,17Networks_RH_DorsAttnA_ParOcc_6
567,7Networks_RH_Vis_67,27,-89,21,536,17Networks_RH_VisCent_ExStr_32
568,7Networks_RH_Vis_68,7,-90,28,563,17Networks_RH_VisPeri_ExStrSup_6
569,7Networks_RH_Vis_69,34,-84,18,537,17Networks_RH_VisCent_ExStr_33
570,7Networks_RH_Vis_70,7,-74,28,564,17Networks_RH_VisPeri_ExStrSup_7
571,7Networks_RH_Vis_71,17,-72,25,565,17Networks_RH_VisPeri_ExStrSup_8
572,7Networks_RH_Vis_72,39,-84,26,673,17Networks_RH_DorsAttnA_ParOcc_7
573,7Networks_RH_Vis_73,18,-89,28,566,17Networks_RH_VisPeri_ExStrSup_9
574,7Networks_RH_Vis_74,18,-63,27,896,17Networks_RH_ContC_pCun_1
575,7Networks_RH_Vis_75,10,-85,39,567,17Networks_RH_VisPeri_ExStrSup_10
576,7Networks_RH_Vis_76,34,-76,23,674,17Networks_RH_DorsAttnA_ParOcc_8
577,7Networks_RH_Vis_77,28,-82,28,538,17Networks_RH_VisCent_ExStr_34
578,7Networks_RH_Vis_78,16,-79,37,568,17Networks_RH_VisPeri_ExStrSup_11
579,7Networks_RH_Vis_79,24,-86,38,539,17Networks_RH_VisCent_ExStr_35
580,7Networks_RH_Vis_80,29,-77,40,677,17Networks_RH_DorsAttnA_SPL_2
581,7Networks_RH_Vis_81,23,-81,48,678,17Networks_RH_DorsAttnA_SPL_3
582,7Networks_RH_SomMot_1,51,11,-10,646,17Networks_RH_SomMotB_Aud_2
583,7Networks_RH_SomMot_2,60,-3,-7,983,17Networks_RH_TempPar_5
584,7Networks_RH_SomMot_3,55,2,-3,647,17Networks_RH_SomMotB_Aud_3
585,7Networks_RH_SomMot_4,56,-13,-5,984,17Networks_RH_TempPar_6
586,7Networks_RH_SomMot_5,66,-8,-3,649,17Networks_RH_SomMotB_Aud_5
587,7Networks_RH_SomMot_6,48,-11,0,650,17Networks_RH_SomMotB_Aud_6
588,7Networks_RH_SomMot_7,63,-15,-2,986,17Networks_RH_TempPar_8
589,7Networks_RH_SomMot_8,39,-5,6,629,17Networks_RH_SomMotB_S2_1
590,7Networks_RH_SomMot_9,55,-13,5,651,17Networks_RH_SomMotB_Aud_7
591,7Networks_RH_SomMot_10,67,-15,5,652,17Networks_RH_SomMotB_Aud_8
592,7Networks_RH_SomMot_11,41,-20,2,653,17Networks_RH_SomMotB_Aud_9
593,7Networks_RH_SomMot_12,63,-23,2,990,17Networks_RH_TempPar_12
594,7Networks_RH_SomMot_13,49,-37,4,991,17Networks_RH_TempPar_13
595,7Networks_RH_SomMot_14,56,-31,4,992,17Networks_RH_TempPar_14
596,7Networks_RH_SomMot_15,37,-10,12,630,17Networks_RH_SomMotB_S2_2
597,7Networks_RH_SomMot_16,39,-22,10,654,17Networks_RH_SomMotB_Aud_10
598,7Networks_RH_SomMot_17,35,-19,12,644,17Networks_RH_SomMotB_Ins_1
599,7Networks_RH_SomMot_18,59,-22,10,655,17Networks_RH_SomMotB_Aud_11
600,7Networks_RH_SomMot_19,37,-10,18,631,17Networks_RH_SomMotB_S2_3
601,7Networks_RH_SomMot_20,41,-27,12,656,17Networks_RH_SomMotB_Aud_12
602,7Networks_RH_SomMot_21,43,-3,14,632,17Networks_RH_SomMotB_S2_4
603,7Networks_RH_SomMot_22,34,-22,17,633,17Networks_RH_SomMotB_S2_5
604,7Networks_RH_SomMot_23,65,-36,11,997,17Networks_RH_TempPar_19
605,7Networks_RH_SomMot_24,64,-28,13,657,17Networks_RH_SomMotB_Aud_13
606,7Networks_RH_SomMot_25,42,-13,18,634,17Networks_RH_SomMotB_S2_6
607,7Networks_RH_SomMot_26,38,-27,20,635,17Networks_RH_SomMotB_S2_7
608,7Networks_RH_SomMot_27,47,-32,16,658,17Networks_RH_SomMotB_Aud_14
609,7Networks_RH_SomMot_28,50,-9,12,636,17Networks_RH_SomMotB_S2_8
610,7Networks_RH_SomMot_29,47,-18,18,637,17Networks_RH_SomMotB_S2_9
611,7Networks_RH_SomMot_30,59,-1,11,638,17Networks_RH_SomMotB_S2_10
612,7Networks_RH_SomMot_31,44,-29,21,639,17Networks_RH_SomMotB_S2_11
613,7Networks_RH_SomMot_32,59,-12,15,640,17Networks_RH_SomMotB_S2_12
614,7Networks_RH_SomMot_33,52,-21,18,641,17Networks_RH_SomMotB_S2_13
615,7Networks_RH_SomMot_34,66,-8,15,642,17Networks_RH_SomMotB_S2_14
616,7Networks_RH_SomMot_35,62,3,22,617,17Networks_RH_SomMotB_Cent_1
617,7Networks_RH_SomMot_36,64,-5,23,618,17Networks_RH_SomMotB_Cent_2
618,7Networks_RH_SomMot_37,65,-12,26,643,17Networks_RH_SomMotB_S2_15
619,7Networks_RH_SomMot_38,56,-4,24,619,17Networks_RH_SomMotB_Cent_3
620,7Networks_RH_SomMot_39,60,-13,32,694,17Networks_RH_DorsAttnB_PostC_1
621,7Networks_RH_SomMot_40,59,1,34,620,17Networks_RH_SomMotB_Cent_4
622,7Networks_RH_SomMot_41,63,-9,38,621,17Networks_RH_SomMotB_Cent_5
623,7Networks_RH_SomMot_42,56,-8,34,622,17Networks_RH_SomMotB_Cent_6
624,7Networks_RH_SomMot_43,50,-6,31,623,17Networks_RH_SomMotB_Cent_7
625,7Networks_RH_SomMot_44,55,-16,37,697,17Networks_RH_DorsAttnB_PostC_4
626,7Networks_RH_SomMot_45,7,-2,41,764,17Networks_RH_SalVentAttnA_FrMed_4
627,7Networks_RH_SomMot_46,60,-12,46,624,17Networks_RH_SomMotB_Cent_8
628,7Networks_RH_SomMot_47,55,-4,43,625,17Networks_RH_SomMotB_Cent_9
629,7Networks_RH_SomMot_48,51,-13,39,626,17Networks_RH_SomMotB_Cent_10
630,7Networks_RH_SomMot_49,45,-11,38,627,17Networks_RH_SomMotB_Cent_11
631,7Networks_RH_SomMot_50,53,-18,42,569,17Networks_RH_SomMotA_1
632,7Networks_RH_SomMot_51,13,-15,42,570,17Networks_RH_SomMotA_2
633,7Networks_RH_SomMot_52,9,2,47,765,17Networks_RH_SalVentAttnA_FrMed_5
634,7Networks_RH_SomMot_53,50,-22,47,571,17Networks_RH_SomMotA_3
635,7Networks_RH_SomMot_54,50,-13,50,572,17Networks_RH_SomMotA_4
636,7Networks_RH_SomMot_55,39,-17,41,628,17Networks_RH_SomMotB_Cent_12
637,7Networks_RH_SomMot_56,54,-17,54,573,17Networks_RH_SomMotA_5
638,7Networks_RH_SomMot_57,9,-9,47,574,17Networks_RH_SomMotA_6
639,7Networks_RH_SomMot_58,48,-7,52,732,17Networks_RH_SalVentAttnA_PrC_2
640,7Networks_RH_SomMot_59,40,-13,47,575,17Networks_RH_SomMotA_7
641,7Networks_RH_SomMot_60,12,-22,45,756,17Networks_RH_SalVentAttnA_ParMed_7
642,7Networks_RH_SomMot_61,49,-27,57,576,17Networks_RH_SomMotA_8
643,7Networks_RH_SomMot_62,41,-19,49,577,17Networks_RH_SomMotA_9
644,7Networks_RH_SomMot_63,47,-20,60,578,17Networks_RH_SomMotA_10
645,7Networks_RH_SomMot_64,6,-1,55,767,17Networks_RH_SalVentAttnA_FrMed_7
646,7Networks_RH_SomMot_65,43,-9,60,579,17Networks_RH_SomMotA_11
647,7Networks_RH_SomMot_66,6,-15,52,580,17Networks_RH_SomMotA_12
648,7Networks_RH_SomMot_67,9,-30,50,581,17Networks_RH_SomMotA_13
649,7Networks_RH_SomMot_68,41,-17,56,582,17Networks_RH_SomMotA_14
650,7Networks_RH_SomMot_69,29,-37,56,583,17Networks_RH_SomMotA_15
651,7Networks_RH_SomMot_70,39,-34,61,584,17Networks_RH_SomMotA_16
652,7Networks_RH_SomMot_71,39,-24,53,585,17Networks_RH_SomMotA_17
653,7Networks_RH_SomMot_72,14,-43,58,760,17Networks_RH_SalVentAttnA_ParMed_11
654,7Networks_RH_SomMot_73,41,-29,66,586,17Networks_RH_SomMotA_18
655,7Networks_RH_SomMot_74,6,-37,56,587,17Networks_RH_SomMotA_19
656,7Networks_RH_SomMot_75,38,-16,67,588,17Networks_RH_SomMotA_20
657,7Networks_RH_SomMot_76,32,-41,66,589,17Networks_RH_SomMotA_21
658,7Networks_RH_SomMot_77,5,-23,58,590,17Networks_RH_SomMotA_22
659,7Networks_RH_SomMot_78,33,-28,61,591,17Networks_RH_SomMotA_23
660,7Networks_RH_SomMot_79,29,-34,66,592,17Networks_RH_SomMotA_24
661,7Networks_RH_SomMot_80,31,-23,60,593,17Networks_RH_SomMotA_25
662,7Networks_RH_SomMot_81,28,-11,65,594,17Networks_RH_SomMotA_26
663,7Networks_RH_SomMot_82,8,-40,63,595,17Networks_RH_SomMotA_27
664,7Networks_RH_SomMot_83,5,-11,66,596,17Networks_RH_SomMotA_28
665,7Networks_RH_SomMot_84,27,-19,73,597,17Networks_RH_SomMotA_29
666,7Networks_RH_SomMot_85,3,-33,64,598,17Networks_RH_SomMotA_30
667,7Networks_RH_SomMot_86,24,-28,67,599,17Networks_RH_SomMotA_31
668,7Networks_RH_SomMot_87,24,-43,67,600,17Networks_RH_SomMotA_32
669,7Networks_RH_SomMot_88,22,-34,69,602,17Networks_RH_SomMotA_34
670,7Networks_RH_SomMot_89,14,-41,69,603,17Networks_RH_SomMotA_35
671,7Networks_RH_SomMot_90,21,-24,67,604,17Networks_RH_SomMotA_36
672,7Networks_RH_SomMot_91,11,-5,73,770,17Networks_RH_SalVentAttnA_FrMed_10
673,7Networks_RH_SomMot_92,20,-13,72,605,17Networks_RH_SomMotA_37
674,7Networks_RH_SomMot_93,5,-41,70,606,17Networks_RH_SomMotA_38
675,7Networks_RH_SomMot_94,15,-45,77,607,17Networks_RH_SomMotA_39
676,7Networks_RH_SomMot_95,7,-19,73,608,17Networks_RH_SomMotA_40
677,7Networks_RH_SomMot_96,13,-14,73,609,17Networks_RH_SomMotA_41
678,7Networks_RH_SomMot_97,21,-38,75,610,17Networks_RH_SomMotA_42
679,7Networks_RH_SomMot_98,17,-30,70,611,17Networks_RH_SomMotA_43
680,7Networks_RH_SomMot_99,20,-31,77,612,17Networks_RH_SomMotA_44
681,7Networks_RH_SomMot_100,5,-31,73,613,17Networks_RH_SomMotA_45
682,7Networks_RH_SomMot_101,12,-38,77,614,17Networks_RH_SomMotA_46
683,7Networks_RH_SomMot_102,14,-26,73,615,17Networks_RH_SomMotA_47
684,7Networks_RH_SomMot_103,12,-32,75,616,17Networks_RH_SomMotA_48
685,7Networks_RH_DorsAttn_Post_1,49,-35,-23,659,17Networks_RH_DorsAttnA_TempOcc_1
686,7Networks_RH_DorsAttn_Post_2,46,-46,-21,661,17Networks_RH_DorsAttnA_TempOcc_3
687,7Networks_RH_DorsAttn_Post_3,51,-45,-19,662,17Networks_RH_DorsAttnA_TempOcc_4
688,7Networks_RH_DorsAttn_Post_4,49,-60,-12,663,17Networks_RH_DorsAttnA_TempOcc_5
689,7Networks_RH_DorsAttn_Post_5,59,-53,-16,829,17Networks_RH_ContA_Temp_1
690,7Networks_RH_DorsAttn_Post_6,57,-56,-5,665,17Networks_RH_DorsAttnA_TempOcc_7
691,7Networks_RH_DorsAttn_Post_7,62,-55,1,693,17Networks_RH_DorsAttnB_TempOcc_1
692,7Networks_RH_DorsAttn_Post_8,51,-59,5,666,17Networks_RH_DorsAttnA_TempOcc_8
693,7Networks_RH_DorsAttn_Post_9,52,-60,13,668,17Networks_RH_DorsAttnA_ParOcc_2
694,7Networks_RH_DorsAttn_Post_10,50,-53,14,998,17Networks_RH_TempPar_20
695,7Networks_RH_DorsAttn_Post_11,45,-67,18,671,17Networks_RH_DorsAttnA_ParOcc_5
696,7Networks_RH_DorsAttn_Post_12,46,-75,27,970,17Networks_RH_DefaultC_IPL_2
697,7Networks_RH_DorsAttn_Post_13,38,-77,31,675,17Networks_RH_DorsAttnA_ParOcc_9
698,7Networks_RH_DorsAttn_Post_14,59,-19,34,696,17Networks_RH_DorsAttnB_PostC_3
699,7Networks_RH_DorsAttn_Post_15,35,-71,40,831,17Networks_RH_ContA_IPS_1
700,7Networks_RH_DorsAttn_Post_16,31,-66,33,676,17Networks_RH_DorsAttnA_SPL_1
701,7Networks_RH_DorsAttn_Post_17,56,-22,43,698,17Networks_RH_DorsAttnB_PostC_5
702,7Networks_RH_DorsAttn_Post_18,54,-28,51,699,17Networks_RH_DorsAttnB_PostC_6
703,7Networks_RH_DorsAttn_Post_19,32,-68,48,836,17Networks_RH_ContA_IPS_6
704,7Networks_RH_DorsAttn_Post_20,49,-36,55,837,17Networks_RH_ContA_IPS_7
705,7Networks_RH_DorsAttn_Post_21,24,-75,52,679,17Networks_RH_DorsAttnA_SPL_4
706,7Networks_RH_DorsAttn_Post_22,24,-66,46,680,17Networks_RH_DorsAttnA_SPL_5
707,7Networks_RH_DorsAttn_Post_23,48,-28,42,700,17Networks_RH_DorsAttnB_PostC_7
708,7Networks_RH_DorsAttn_Post_24,29,-64,52,681,17Networks_RH_DorsAttnA_SPL_6
709,7Networks_RH_DorsAttn_Post_25,37,-42,44,840,17Networks_RH_ContA_IPS_10
710,7Networks_RH_DorsAttn_Post_26,42,-37,55,701,17Networks_RH_DorsAttnB_PostC_8
711,7Networks_RH_DorsAttn_Post_27,14,-77,52,682,17Networks_RH_DorsAttnA_SPL_7
712,7Networks_RH_DorsAttn_Post_28,39,-33,44,702,17Networks_RH_DorsAttnB_PostC_9
713,7Networks_RH_DorsAttn_Post_29,36,-58,51,842,17Networks_RH_ContA_IPS_12
714,7Networks_RH_DorsAttn_Post_30,42,-27,44,703,17Networks_RH_DorsAttnB_PostC_10
715,7Networks_RH_DorsAttn_Post_31,36,-45,52,683,17Networks_RH_DorsAttnA_SPL_8
716,7Networks_RH_DorsAttn_Post_32,32,-59,58,684,17Networks_RH_DorsAttnA_SPL_9
717,7Networks_RH_DorsAttn_Post_33,6,-52,50,904,17Networks_RH_ContC_pCun_9
718,7Networks_RH_DorsAttn_Post_34,30,-51,52,685,17Networks_RH_DorsAttnA_SPL_10
719,7Networks_RH_DorsAttn_Post_35,34,-34,49,704,17Networks_RH_DorsAttnB_PostC_11
720,7Networks_RH_DorsAttn_Post_36,37,-40,58,705,17Networks_RH_DorsAttnB_PostC_12
721,7Networks_RH_DorsAttn_Post_37,17,-69,54,686,17Networks_RH_DorsAttnA_SPL_11
722,7Networks_RH_DorsAttn_Post_38,5,-66,52,905,17Networks_RH_ContC_pCun_10
723,7Networks_RH_DorsAttn_Post_39,24,-65,57,687,17Networks_RH_DorsAttnA_SPL_12
724,7Networks_RH_DorsAttn_Post_40,10,-71,54,688,17Networks_RH_DorsAttnA_SPL_13
725,7Networks_RH_DorsAttn_Post_41,7,-57,54,906,17Networks_RH_ContC_pCun_11
726,7Networks_RH_DorsAttn_Post_42,37,-48,62,706,17Networks_RH_DorsAttnB_PostC_13
727,7Networks_RH_DorsAttn_Post_43,30,-53,62,689,17Networks_RH_DorsAttnA_SPL_14
728,7Networks_RH_DorsAttn_Post_44,24,-59,62,690,17Networks_RH_DorsAttnA_SPL_15
729,7Networks_RH_DorsAttn_Post_45,20,-66,65,691,17Networks_RH_DorsAttnA_SPL_16
730,7Networks_RH_DorsAttn_Post_46,11,-64,63,692,17Networks_RH_DorsAttnA_SPL_17
731,7Networks_RH_DorsAttn_Post_47,6,-54,61,707,17Networks_RH_DorsAttnB_PostC_14
732,7Networks_RH_DorsAttn_Post_48,30,-49,69,708,17Networks_RH_DorsAttnB_PostC_15
733,7Networks_RH_DorsAttn_Post_49,23,-56,70,710,17Networks_RH_DorsAttnB_PostC_17
734,7Networks_RH_DorsAttn_Post_50,16,-56,67,711,17Networks_RH_DorsAttnB_PostC_18
735,7Networks_RH_DorsAttn_Post_51,9,-51,70,712,17Networks_RH_DorsAttnB_PostC_19
736,7Networks_RH_DorsAttn_Post_52,19,-48,70,713,17Networks_RH_DorsAttnB_PostC_20
737,7Networks_RH_DorsAttn_FEF_1,41,-3,51,714,17Networks_RH_DorsAttnB_FEF_1
738,7Networks_RH_DorsAttn_FEF_2,31,-1,51,715,17Networks_RH_DorsAttnB_FEF_2
739,7Networks_RH_DorsAttn_FEF_3,25,4,53,716,17Networks_RH_DorsAttnB_FEF_3
740,7Networks_RH_DorsAttn_FEF_4,34,-7,59,717,17Networks_RH_DorsAttnB_FEF_4
741,7Networks_RH_DorsAttn_FEF_5,26,-7,52,718,17Networks_RH_DorsAttnB_FEF_5
742,7Networks_RH_DorsAttn_FEF_6,24,-3,62,719,17Networks_RH_DorsAttnB_FEF_6
743,7Networks_RH_DorsAttn_PrCv_1,50,13,22,847,17Networks_RH_ContA_PFCl_4
744,7Networks_RH_DorsAttn_PrCv_2,44,8,25,851,17Networks_RH_ContA_PFCl_8
745,7Networks_RH_DorsAttn_PrCv_3,55,9,30,720,17Networks_RH_DorsAttnB_PrCv_1
746,7Networks_RH_SalVentAttn_TempOccPar_1,63,-46,4,989,17Networks_RH_TempPar_11
747,7Networks_RH_SalVentAttn_TempOccPar_2,56,-43,8,993,17Networks_RH_TempPar_15
748,7Networks_RH_SalVentAttn_TempOccPar_3,59,-55,8,994,17Networks_RH_TempPar_16
749,7Networks_RH_SalVentAttn_TempOccPar_4,51,-40,13,996,17Networks_RH_TempPar_18
750,7Networks_RH_SalVentAttn_TempOccPar_5,55,-40,20,1000,17Networks_RH_TempPar_22
751,7Networks_RH_SalVentAttn_TempOccPar_6,65,-31,19,721,17Networks_RH_SalVentAttnA_ParOper_1
752,7Networks_RH_SalVentAttn_TempOccPar_7,54,-33,23,722,17Networks_RH_SalVentAttnA_ParOper_2
753,7Networks_RH_SalVentAttn_TempOccPar_8,65,-39,20,723,17Networks_RH_SalVentAttnA_ParOper_3
754,7Networks_RH_SalVentAttn_TempOccPar_9,51,-27,25,724,17Networks_RH_SalVentAttnA_ParOper_4
755,7Networks_RH_SalVentAttn_TempOccPar_10,64,-31,29,725,17Networks_RH_SalVentAttnA_ParOper_5
756,7Networks_RH_SalVentAttn_TempOccPar_11,61,-20,19,726,17Networks_RH_SalVentAttnA_ParOper_6
757,7Networks_RH_SalVentAttn_TempOccPar_12,55,-31,33,727,17Networks_RH_SalVentAttnA_ParOper_7
758,7Networks_RH_SalVentAttn_TempOccPar_13,64,-40,28,772,17Networks_RH_SalVentAttnB_IPL_2
759,7Networks_RH_SalVentAttn_TempOccPar_14,61,-25,28,728,17Networks_RH_SalVentAttnA_ParOper_8
760,7Networks_RH_SalVentAttn_TempOccPar_15,62,-29,39,729,17Networks_RH_SalVentAttnA_ParOper_9
761,7Networks_RH_SalVentAttn_TempOccPar_16,64,-18,28,730,17Networks_RH_SalVentAttnA_ParOper_10
762,7Networks_RH_SalVentAttn_TempOccPar_17,64,-35,39,773,17Networks_RH_SalVentAttnB_IPL_3
763,7Networks_RH_SalVentAttn_TempOccPar_18,64,-22,41,695,17Networks_RH_DorsAttnB_PostC_2
764,7Networks_RH_SalVentAttn_PrC_1,50,4,40,854,17Networks_RH_ContA_PFCl_11
765,7Networks_RH_SalVentAttn_PrC_2,49,-1,47,731,17Networks_RH_SalVentAttnA_PrC_1
766,7Networks_RH_SalVentAttn_FrOperIns_1,38,7,-20,741,17Networks_RH_SalVentAttnA_Ins_1
767,7Networks_RH_SalVentAttn_FrOperIns_2,38,11,-11,742,17Networks_RH_SalVentAttnA_Ins_2
768,7Networks_RH_SalVentAttn_FrOperIns_3,46,6,-15,645,17Networks_RH_SomMotB_Aud_1
769,7Networks_RH_SalVentAttn_FrOperIns_4,40,1,-11,743,17Networks_RH_SalVentAttnA_Ins_3
770,7Networks_RH_SalVentAttn_FrOperIns_5,41,9,-3,744,17Networks_RH_SalVentAttnA_Ins_4
771,7Networks_RH_SalVentAttn_FrOperIns_6,41,-7,-7,745,17Networks_RH_SalVentAttnA_Ins_5
772,7Networks_RH_SalVentAttn_FrOperIns_7,47,-9,-6,648,17Networks_RH_SomMotB_Aud_4
773,7Networks_RH_SalVentAttn_FrOperIns_8,33,24,2,787,17Networks_RH_SalVentAttnB_Ins_5
774,7Networks_RH_SalVentAttn_FrOperIns_9,38,5,4,746,17Networks_RH_SalVentAttnA_Ins_6
775,7Networks_RH_SalVentAttn_FrOperIns_10,38,30,2,788,17Networks_RH_SalVentAttnB_Ins_6
776,7Networks_RH_SalVentAttn_FrOperIns_11,39,-14,2,747,17Networks_RH_SalVentAttnA_Ins_7
777,7Networks_RH_SalVentAttn_FrOperIns_12,34,20,10,748,17Networks_RH_SalVentAttnA_Ins_8
778,7Networks_RH_SalVentAttn_FrOperIns_13,41,24,6,789,17Networks_RH_SalVentAttnB_Ins_7
779,7Networks_RH_SalVentAttn_FrOperIns_14,34,5,11,749,17Networks_RH_SalVentAttnA_Ins_9
780,7Networks_RH_SalVentAttn_FrOperIns_15,47,21,3,790,17Networks_RH_SalVentAttnB_Ins_8
781,7Networks_RH_SalVentAttn_FrOperIns_16,38,12,10,733,17Networks_RH_SalVentAttnA_FrOper_1
782,7Networks_RH_SalVentAttn_FrOperIns_17,44,13,4,734,17Networks_RH_SalVentAttnA_FrOper_2
783,7Networks_RH_SalVentAttn_FrOperIns_18,40,2,14,735,17Networks_RH_SalVentAttnA_FrOper_3
784,7Networks_RH_SalVentAttn_FrOperIns_19,49,9,0,736,17Networks_RH_SalVentAttnA_FrOper_4
785,7Networks_RH_SalVentAttn_FrOperIns_20,47,-1,7,737,17Networks_RH_SalVentAttnA_FrOper_5
786,7Networks_RH_SalVentAttn_FrOperIns_21,53,13,8,791,17Networks_RH_SalVentAttnB_Ins_9
787,7Networks_RH_SalVentAttn_FrOperIns_22,58,4,6,738,17Networks_RH_SalVentAttnA_FrOper_6
788,7Networks_RH_SalVentAttn_FrOperIns_23,56,9,13,739,17Networks_RH_SalVentAttnA_FrOper_7
789,7Networks_RH_SalVentAttn_FrOperIns_24,60,9,20,740,17Networks_RH_SalVentAttnA_FrOper_8
790,7Networks_RH_SalVentAttn_PFCl_1,31,47,21,776,17Networks_RH_SalVentAttnB_PFCl_2
791,7Networks_RH_SalVentAttn_PFCl_2,28,45,33,779,17Networks_RH_SalVentAttnB_PFCl_5
792,7Networks_RH_SalVentAttn_Med_1,5,23,27,793,17Networks_RH_SalVentAttnB_PFCmp_2
793,7Networks_RH_SalVentAttn_Med_2,4,9,34,761,17Networks_RH_SalVentAttnA_FrMed_1
794,7Networks_RH_SalVentAttn_Med_3,4,-5,36,762,17Networks_RH_SalVentAttnA_FrMed_2
795,7Networks_RH_SalVentAttn_Med_4,9,25,38,795,17Networks_RH_SalVentAttnB_PFCmp_4
796,7Networks_RH_SalVentAttn_Med_5,9,13,40,763,17Networks_RH_SalVentAttnA_FrMed_3
797,7Networks_RH_SalVentAttn_Med_6,9,-25,40,750,17Networks_RH_SalVentAttnA_ParMed_1
798,7Networks_RH_SalVentAttn_Med_7,8,-15,40,751,17Networks_RH_SalVentAttnA_ParMed_2
799,7Networks_RH_SalVentAttn_Med_8,10,-34,43,752,17Networks_RH_SalVentAttnA_ParMed_3
800,7Networks_RH_SalVentAttn_Med_9,14,-24,39,753,17Networks_RH_SalVentAttnA_ParMed_4
801,7Networks_RH_SalVentAttn_Med_10,13,-39,45,754,17Networks_RH_SalVentAttnA_ParMed_5
802,7Networks_RH_SalVentAttn_Med_11,7,14,50,766,17Networks_RH_SalVentAttnA_FrMed_6
803,7Networks_RH_SalVentAttn_Med_12,15,-31,43,755,17Networks_RH_SalVentAttnA_ParMed_6
804,7Networks_RH_SalVentAttn_Med_13,9,-43,51,757,17Networks_RH_SalVentAttnA_ParMed_8
805,7Networks_RH_SalVentAttn_Med_14,14,-37,52,758,17Networks_RH_SalVentAttnA_ParMed_9
806,7Networks_RH_SalVentAttn_Med_15,5,11,59,796,17Networks_RH_SalVentAttnB_PFCmp_5
807,7Networks_RH_SalVentAttn_Med_16,6,-47,57,759,17Networks_RH_SalVentAttnA_ParMed_10
808,7Networks_RH_SalVentAttn_Med_17,7,0,66,768,17Networks_RH_SalVentAttnA_FrMed_8
809,7Networks_RH_SalVentAttn_Med_18,11,-46,64,709,17Networks_RH_DorsAttnB_PostC_16
810,7Networks_RH_SalVentAttn_Med_19,16,6,69,769,17Networks_RH_SalVentAttnA_FrMed_9
811,7Networks_RH_SalVentAttn_Med_20,19,-5,69,601,17Networks_RH_SomMotA_33
812,7Networks_RH_Limbic_OFC_1,21,14,-22,798,17Networks_RH_LimbicB_OFC_1
813,7Networks_RH_Limbic_OFC_2,14,16,-17,799,17Networks_RH_LimbicB_OFC_2
814,7Networks_RH_Limbic_OFC_3,15,27,-24,800,17Networks_RH_LimbicB_OFC_3
815,7Networks_RH_Limbic_OFC_4,10,28,-20,801,17Networks_RH_LimbicB_OFC_4
816,7Networks_RH_Limbic_OFC_5,10,41,-23,802,17Networks_RH_LimbicB_OFC_5
817,7Networks_RH_Limbic_OFC_6,23,28,-19,803,17Networks_RH_LimbicB_OFC_6
818,7Networks_RH_Limbic_OFC_7,16,48,-19,805,17Networks_RH_LimbicB_OFC_8
819,7Networks_RH_Limbic_OFC_8,5,20,-20,807,17Networks_RH_LimbicB_OFC_10
820,7Networks_RH_Limbic_OFC_9,3,41,-25,808,17Networks_RH_LimbicB_OFC_11
821,7Networks_RH_Limbic_OFC_10,7,55,-22,809,17Networks_RH_LimbicB_OFC_12
822,7Networks_RH_Limbic_OFC_11,15,60,-18,810,17Networks_RH_LimbicB_OFC_13
823,7Networks_RH_Limbic_OFC_12,4,26,-12,811,17Networks_RH_LimbicB_OFC_14
824,7Networks_RH_Limbic_OFC_13,7,64,-11,812,17Networks_RH_LimbicB_OFC_15
825,7Networks_RH_Limbic_OFC_14,21,62,-10,813,17Networks_RH_LimbicB_OFC_16
826,7Networks_RH_Limbic_TempPole_1,28,2,-44,814,17Networks_RH_LimbicA_TempPole_1
827,7Networks_RH_Limbic_TempPole_2,35,11,-40,815,17Networks_RH_LimbicA_TempPole_2
828,7Networks_RH_Limbic_TempPole_3,49,-5,-40,816,17Networks_RH_LimbicA_TempPole_3
829,7Networks_RH_Limbic_TempPole_4,40,-9,-35,817,17Networks_RH_LimbicA_TempPole_4
830,7Networks_RH_Limbic_TempPole_5,31,-9,-35,818,17Networks_RH_LimbicA_TempPole_5
831,7Networks_RH_Limbic_TempPole_6,20,0,-31,819,17Networks_RH_LimbicA_TempPole_6
832,7Networks_RH_Limbic_TempPole_7,24,8,-31,820,17Networks_RH_LimbicA_TempPole_7
833,7Networks_RH_Limbic_TempPole_8,50,-19,-31,821,17Networks_RH_LimbicA_TempPole_8
834,7Networks_RH_Limbic_TempPole_9,42,-21,-25,822,17Networks_RH_LimbicA_TempPole_9
835,7Networks_RH_Limbic_TempPole_10,37,21,-32,823,17Networks_RH_LimbicA_TempPole_10
836,7Networks_RH_Limbic_TempPole_11,59,-20,-30,824,17Networks_RH_LimbicA_TempPole_11
837,7Networks_RH_Limbic_TempPole_12,22,-13,-30,825,17Networks_RH_LimbicA_TempPole_12
838,7Networks_RH_Limbic_TempPole_13,44,-30,-23,826,17Networks_RH_LimbicA_TempPole_13
839,7Networks_RH_Limbic_TempPole_14,32,10,-27,827,17Networks_RH_LimbicA_TempPole_14
840,7Networks_RH_Limbic_TempPole_15,33,-22,-26,975,17Networks_RH_DefaultC_PHC_1
841,7Networks_RH_Limbic_TempPole_16,22,-22,-24,976,17Networks_RH_DefaultC_PHC_2
842,7Networks_RH_Limbic_TempPole_17,42,13,-21,828,17Networks_RH_LimbicA_TempPole_15
843,7Networks_RH_Cont_Par_1,61,-45,32,863,17Networks_RH_ContB_IPL_2
844,7Networks_RH_Cont_Par_2,59,-46,41,864,17Networks_RH_ContB_IPL_3
845,7Networks_RH_Cont_Par_3,59,-38,39,774,17Networks_RH_SalVentAttnB_IPL_4
846,7Networks_RH_Cont_Par_4,40,-76,42,865,17Networks_RH_ContB_IPL_4
847,7Networks_RH_Cont_Par_5,55,-51,46,867,17Networks_RH_ContB_IPL_6
848,7Networks_RH_Cont_Par_6,60,-32,50,832,17Networks_RH_ContA_IPS_2
849,7Networks_RH_Cont_Par_7,55,-41,48,868,17Networks_RH_ContB_IPL_7
850,7Networks_RH_Cont_Par_8,47,-57,54,870,17Networks_RH_ContB_IPL_9
851,7Networks_RH_Cont_Par_9,53,-34,49,833,17Networks_RH_ContA_IPS_3
852,7Networks_RH_Cont_Par_10,49,-44,49,871,17Networks_RH_ContB_IPL_10
853,7Networks_RH_Cont_Par_11,48,-50,55,872,17Networks_RH_ContB_IPL_11
854,7Networks_RH_Cont_Par_12,49,-39,47,834,17Networks_RH_ContA_IPS_4
855,7Networks_RH_Cont_Par_13,38,-68,50,835,17Networks_RH_ContA_IPS_5
856,7Networks_RH_Cont_Par_14,42,-58,50,873,17Networks_RH_ContB_IPL_12
857,7Networks_RH_Cont_Par_15,43,-49,47,838,17Networks_RH_ContA_IPS_8
858,7Networks_RH_Cont_Par_16,44,-39,44,839,17Networks_RH_ContA_IPS_9
859,7Networks_RH_Cont_Par_17,35,-52,42,841,17Networks_RH_ContA_IPS_11
860,7Networks_RH_Cont_Temp_1,59,-29,-23,857,17Networks_RH_ContB_Temp_1
861,7Networks_RH_Cont_Temp_2,60,-39,-19,859,17Networks_RH_ContB_Temp_3
862,7Networks_RH_Cont_Temp_3,64,-41,-10,861,17Networks_RH_ContB_Temp_5
863,7Networks_RH_Cont_Temp_4,65,-47,-3,830,17Networks_RH_ContA_Temp_2
864,7Networks_RH_Cont_PFCv_1,34,20,-7,784,17Networks_RH_SalVentAttnB_Ins_2
865,7Networks_RH_Cont_PFCv_2,35,26,-7,785,17Networks_RH_SalVentAttnB_Ins_3
866,7Networks_RH_Cont_PFCl_1,24,40,-16,806,17Networks_RH_LimbicB_OFC_9
867,7Networks_RH_Cont_PFCl_2,28,52,-14,886,17Networks_RH_ContB_PFClv_2
868,7Networks_RH_Cont_PFCl_3,40,52,-12,887,17Networks_RH_ContB_PFClv_3
869,7Networks_RH_Cont_PFCl_4,32,59,-2,888,17Networks_RH_ContB_PFClv_4
870,7Networks_RH_Cont_PFCl_5,44,49,-4,889,17Networks_RH_ContB_PFClv_5
871,7Networks_RH_Cont_PFCl_6,23,63,2,890,17Networks_RH_ContB_PFClv_6
872,7Networks_RH_Cont_PFCl_7,50,40,4,781,17Networks_RH_SalVentAttnB_PFClv_1
873,7Networks_RH_Cont_PFCl_8,41,50,7,782,17Networks_RH_SalVentAttnB_PFClv_2
874,7Networks_RH_Cont_PFCl_9,31,55,10,891,17Networks_RH_ContB_PFClv_7
875,7Networks_RH_Cont_PFCl_10,54,31,14,844,17Networks_RH_ContA_PFCl_1
876,7Networks_RH_Cont_PFCl_11,26,61,15,892,17Networks_RH_ContB_PFClv_8
877,7Networks_RH_Cont_PFCl_12,42,39,12,845,17Networks_RH_ContA_PFCl_2
878,7Networks_RH_Cont_PFCl_13,54,18,20,846,17Networks_RH_ContA_PFCl_3
879,7Networks_RH_Cont_PFCl_14,42,48,18,775,17Networks_RH_SalVentAttnB_PFCl_1
880,7Networks_RH_Cont_PFCl_15,46,29,21,848,17Networks_RH_ContA_PFCl_5
881,7Networks_RH_Cont_PFCl_16,44,18,24,849,17Networks_RH_ContA_PFCl_6
882,7Networks_RH_Cont_PFCl_17,25,55,26,777,17Networks_RH_SalVentAttnB_PFCl_3
883,7Networks_RH_Cont_PFCl_18,46,36,26,850,17Networks_RH_ContA_PFCl_7
884,7Networks_RH_Cont_PFCl_19,38,41,29,778,17Networks_RH_SalVentAttnB_PFCl_4
885,7Networks_RH_Cont_PFCl_20,51,24,31,874,17Networks_RH_ContB_PFCld_1
886,7Networks_RH_Cont_PFCl_21,41,17,30,852,17Networks_RH_ContA_PFCl_9
887,7Networks_RH_Cont_PFCl_22,44,30,36,875,17Networks_RH_ContB_PFCld_2
888,7Networks_RH_Cont_PFCl_23,37,9,35,853,17Networks_RH_ContA_PFCl_10
889,7Networks_RH_Cont_PFCl_24,35,36,40,780,17Networks_RH_SalVentAttnB_PFCl_6
890,7Networks_RH_Cont_PFCl_25,47,16,39,876,17Networks_RH_ContB_PFCld_3
891,7Networks_RH_Cont_PFCl_26,40,10,45,877,17Networks_RH_ContB_PFCld_4
892,7Networks_RH_Cont_PFCl_27,41,23,47,878,17Networks_RH_ContB_PFCld_5
893,7Networks_RH_Cont_PFCl_28,33,30,47,879,17Networks_RH_ContB_PFCld_6
894,7Networks_RH_Cont_PFCl_29,45,6,51,880,17Networks_RH_ContB_PFCld_7
895,7Networks_RH_Cont_PFCl_30,38,10,58,881,17Networks_RH_ContB_PFCld_8
896,7Networks_RH_Cont_PFCl_31,31,17,53,882,17Networks_RH_ContB_PFCld_9
897,7Networks_RH_Cont_PFCl_32,25,17,46,883,17Networks_RH_ContB_PFCld_10
898,7Networks_RH_Cont_PFCl_33,20,18,62,884,17Networks_RH_ContB_PFCld_11
899,7Networks_RH_Cont_PFCl_34,24,9,63,843,17Networks_RH_ContA_PFCd_1
900,7Networks_RH_Cont_pCun_1,14,-68,35,897,17Networks_RH_ContC_pCun_2
901,7Networks_RH_Cont_pCun_3,14,-75,44,899,17Networks_RH_ContC_pCun_4
902,7Networks_RH_Cont_pCun_5,5,-74,46,902,17Networks_RH_ContC_pCun_7
903,7Networks_RH_Cont_Cing_1,6,-23,27,908,17Networks_RH_ContC_Cingp_2
904,7Networks_RH_Cont_Cing_2,6,9,28,855,17Networks_RH_ContA_Cingm_1
905,7Networks_RH_Cont_Cing_3,7,-32,27,909,17Networks_RH_ContC_Cingp_3
906,7Networks_RH_Cont_Cing_4,5,-2,30,856,17Networks_RH_ContA_Cingm_2
907,7Networks_RH_Cont_Cing_5,5,-16,30,910,17Networks_RH_ContC_Cingp_4
908,7Networks_RH_Cont_PFCmp_1,8,35,20,792,17Networks_RH_SalVentAttnB_PFCmp_1
909,7Networks_RH_Cont_PFCmp_2,10,28,28,794,17Networks_RH_SalVentAttnB_PFCmp_3
910,7Networks_RH_Cont_PFCmp_3,6,35,33,893,17Networks_RH_ContB_PFCmp_1
911,7Networks_RH_Cont_PFCmp_4,4,38,47,894,17Networks_RH_ContB_PFCmp_2
912,7Networks_RH_Cont_PFCmp_5,5,25,48,895,17Networks_RH_ContB_PFCmp_3
913,7Networks_RH_Default_Par_1,58,-48,11,995,17Networks_RH_TempPar_17
914,7Networks_RH_Default_Par_2,53,-45,18,999,17Networks_RH_TempPar_21
915,7Networks_RH_Default_Par_3,48,-58,19,670,17Networks_RH_DorsAttnA_ParOcc_4
916,7Networks_RH_Default_Par_4,50,-50,19,913,17Networks_RH_DefaultA_IPL_1
917,7Networks_RH_Default_Par_5,56,-47,22,914,17Networks_RH_DefaultA_IPL_2
918,7Networks_RH_Default_Par_6,51,-63,25,969,17Networks_RH_DefaultC_IPL_1
919,7Networks_RH_Default_Par_7,54,-43,28,771,17Networks_RH_SalVentAttnB_IPL_1
920,7Networks_RH_Default_Par_8,46,-55,28,915,17Networks_RH_DefaultA_IPL_3
921,7Networks_RH_Default_Par_9,57,-53,24,916,17Networks_RH_DefaultA_IPL_4
922,7Networks_RH_Default_Par_10,53,-46,33,862,17Networks_RH_ContB_IPL_1
923,7Networks_RH_Default_Par_11,49,-61,34,917,17Networks_RH_DefaultA_IPL_5
924,7Networks_RH_Default_Par_12,47,-69,36,918,17Networks_RH_DefaultA_IPL_6
925,7Networks_RH_Default_Par_13,57,-53,33,919,17Networks_RH_DefaultA_IPL_7
926,7Networks_RH_Default_Par_14,49,-63,42,920,17Networks_RH_DefaultA_IPL_8
927,7Networks_RH_Default_Par_15,53,-58,44,866,17Networks_RH_ContB_IPL_5
928,7Networks_RH_Default_Par_16,44,-68,49,869,17Networks_RH_ContB_IPL_8
929,7Networks_RH_Default_Temp_1,47,10,-37,951,17Networks_RH_DefaultB_AntTemp_1
930,7Networks_RH_Default_Temp_2,50,0,-32,952,17Networks_RH_DefaultB_AntTemp_2
931,7Networks_RH_Default_Temp_3,60,-8,-25,953,17Networks_RH_DefaultB_AntTemp_3
932,7Networks_RH_Default_Temp_4,52,8,-26,954,17Networks_RH_DefaultB_AntTemp_4
933,7Networks_RH_Default_Temp_5,49,17,-22,979,17Networks_RH_TempPar_1
934,7Networks_RH_Default_Temp_6,58,-4,-18,911,17Networks_RH_DefaultA_Temp_1
935,7Networks_RH_Default_Temp_7,64,-24,-17,858,17Networks_RH_ContB_Temp_2
936,7Networks_RH_Default_Temp_8,66,-12,-13,912,17Networks_RH_DefaultA_Temp_2
937,7Networks_RH_Default_Temp_9,53,4,-15,980,17Networks_RH_TempPar_2
938,7Networks_RH_Default_Temp_10,67,-30,-13,860,17Networks_RH_ContB_Temp_4
939,7Networks_RH_Default_Temp_11,51,-8,-13,981,17Networks_RH_TempPar_3
940,7Networks_RH_Default_Temp_12,64,-22,-8,948,17Networks_RH_DefaultB_Temp_1
941,7Networks_RH_Default_Temp_13,50,-17,-11,982,17Networks_RH_TempPar_4
942,7Networks_RH_Default_Temp_14,54,-27,-6,949,17Networks_RH_DefaultB_Temp_2
943,7Networks_RH_Default_Temp_15,65,-33,-2,950,17Networks_RH_DefaultB_Temp_3
944,7Networks_RH_Default_Temp_16,48,-23,-5,985,17Networks_RH_TempPar_7
945,7Networks_RH_Default_Temp_17,48,-30,-1,987,17Networks_RH_TempPar_9
946,7Networks_RH_Default_Temp_18,55,-37,-1,988,17Networks_RH_TempPar_10
947,7Networks_RH_Default_PFCv_1,29,19,-20,804,17Networks_RH_LimbicB_OFC_7
948,7Networks_RH_Default_PFCv_2,31,20,-13,783,17Networks_RH_SalVentAttnB_Ins_1
949,7Networks_RH_Default_PFCv_3,35,27,-19,963,17Networks_RH_DefaultB_PFCv_1
950,7Networks_RH_Default_PFCv_4,35,37,-13,885,17Networks_RH_ContB_PFClv_1
951,7Networks_RH_Default_PFCv_5,41,25,-14,964,17Networks_RH_DefaultB_PFCv_2
952,7Networks_RH_Default_PFCv_6,48,35,-14,965,17Networks_RH_DefaultB_PFCv_3
953,7Networks_RH_Default_PFCv_7,42,26,-5,786,17Networks_RH_SalVentAttnB_Ins_4
954,7Networks_RH_Default_PFCv_8,50,34,-6,966,17Networks_RH_DefaultB_PFCv_4
955,7Networks_RH_Default_PFCv_9,53,29,1,967,17Networks_RH_DefaultB_PFCv_5
956,7Networks_RH_Default_PFCv_10,56,21,9,968,17Networks_RH_DefaultB_PFCv_6
957,7Networks_RH_Default_PFCdPFCm_1,5,45,-12,938,17Networks_RH_DefaultA_PFCm_1
958,7Networks_RH_Default_PFCdPFCm_2,5,34,-5,939,17Networks_RH_DefaultA_PFCm_2
959,7Networks_RH_Default_PFCdPFCm_3,8,52,-4,940,17Networks_RH_DefaultA_PFCm_3
960,7Networks_RH_Default_PFCdPFCm_4,9,67,0,941,17Networks_RH_DefaultA_PFCm_4
961,7Networks_RH_Default_PFCdPFCm_5,11,46,-1,942,17Networks_RH_DefaultA_PFCm_5
962,7Networks_RH_Default_PFCdPFCm_6,17,67,10,943,17Networks_RH_DefaultA_PFCm_6
963,7Networks_RH_Default_PFCdPFCm_7,8,42,7,944,17Networks_RH_DefaultA_PFCm_7
964,7Networks_RH_Default_PFCdPFCm_8,7,57,11,945,17Networks_RH_DefaultA_PFCm_8
965,7Networks_RH_Default_PFCdPFCm_9,6,29,14,946,17Networks_RH_DefaultA_PFCm_9
966,7Networks_RH_Default_PFCdPFCm_10,16,64,21,955,17Networks_RH_DefaultB_PFCd_1
967,7Networks_RH_Default_PFCdPFCm_11,8,45,22,947,17Networks_RH_DefaultA_PFCm_10
968,7Networks_RH_Default_PFCdPFCm_12,6,19,22,797,17Networks_RH_SalVentAttnB_Cinga_1
969,7Networks_RH_Default_PFCdPFCm_13,6,57,28,956,17Networks_RH_DefaultB_PFCd_2
970,7Networks_RH_Default_PFCdPFCm_14,15,54,35,957,17Networks_RH_DefaultB_PFCd_3
971,7Networks_RH_Default_PFCdPFCm_15,5,46,35,958,17Networks_RH_DefaultB_PFCd_4
972,7Networks_RH_Default_PFCdPFCm_16,20,46,36,921,17Networks_RH_DefaultA_PFCd_1
973,7Networks_RH_Default_PFCdPFCm_17,26,34,34,922,17Networks_RH_DefaultA_PFCd_2
974,7Networks_RH_Default_PFCdPFCm_18,9,48,48,959,17Networks_RH_DefaultB_PFCd_5
975,7Networks_RH_Default_PFCdPFCm_19,22,40,46,923,17Networks_RH_DefaultA_PFCd_3
976,7Networks_RH_Default_PFCdPFCm_20,27,29,42,924,17Networks_RH_DefaultA_PFCd_4
977,7Networks_RH_Default_PFCdPFCm_21,14,34,56,960,17Networks_RH_DefaultB_PFCd_6
978,7Networks_RH_Default_PFCdPFCm_22,24,27,53,925,17Networks_RH_DefaultA_PFCd_5
979,7Networks_RH_Default_PFCdPFCm_23,5,24,61,961,17Networks_RH_DefaultB_PFCd_7
980,7Networks_RH_Default_PFCdPFCm_24,11,19,64,962,17Networks_RH_DefaultB_PFCd_8
981,7Networks_RH_Default_pCunPCC_1,10,-48,7,972,17Networks_RH_DefaultC_Rsp_2
982,7Networks_RH_Default_pCunPCC_2,11,-54,13,973,17Networks_RH_DefaultC_Rsp_3
983,7Networks_RH_Default_pCunPCC_3,7,-47,14,926,17Networks_RH_DefaultA_pCunPCC_1
984,7Networks_RH_Default_pCunPCC_4,16,-58,22,974,17Networks_RH_DefaultC_Rsp_4
985,7Networks_RH_Default_pCunPCC_5,8,-42,23,907,17Networks_RH_ContC_Cingp_1
986,7Networks_RH_Default_pCunPCC_6,5,-53,20,927,17Networks_RH_DefaultA_pCunPCC_2
987,7Networks_RH_Default_pCunPCC_7,4,-61,23,928,17Networks_RH_DefaultA_pCunPCC_3
988,7Networks_RH_Default_pCunPCC_8,5,-45,29,929,17Networks_RH_DefaultA_pCunPCC_4
989,7Networks_RH_Default_pCunPCC_9,6,-66,28,930,17Networks_RH_DefaultA_pCunPCC_5
990,7Networks_RH_Default_pCunPCC_10,8,-54,29,931,17Networks_RH_DefaultA_pCunPCC_6
991,7Networks_RH_Default_pCunPCC_11,6,-38,32,932,17Networks_RH_DefaultA_pCunPCC_7
992,7Networks_RH_Default_pCunPCC_12,4,-29,36,933,17Networks_RH_DefaultA_pCunPCC_8
993,7Networks_RH_Default_pCunPCC_13,12,-44,34,934,17Networks_RH_DefaultA_pCunPCC_9
994,7Networks_RH_Default_pCunPCC_14,4,-16,37,935,17Networks_RH_DefaultA_pCunPCC_10
995,7Networks_RH_Default_pCunPCC_15,4,-65,36,936,17Networks_RH_DefaultA_pCunPCC_11
996,7Networks_RH_Default_pCunPCC_16,10,-53,36,937,17Networks_RH_DefaultA_pCunPCC_12
997,7Networks_RH_Default_pCunPCC_17,7,-50,44,901,17Networks_RH_ContC_pCun_6
998,7Networks_RH_Default_pCunPCC_18,6,-62,44,903,17Networks_RH_ContC_pCun_8
999,7Networks_RH_Cont_pCun_2,6,-37,39,898,17Networks_RH_ContC_pCun_3
1000,7Networks_RH_Cont_pCun_4,8,-44,41,900,17Networks_RH_ContC_pCun_5
